Sucun_Islendigi_Il,Yil,Cinsiyet,Oldurme,Yaralama,Cinsel_Suclar,Kisiyi_Hurriyetinden_Yoksun_Kilma,Hakaret,Hirsizlik,Uyusturucu_Madde_Imal_ve_Ticareti,Uyusturucu_Madde_Kullanma_Satin_Alma,Kotu_Muamele,Kacakcilik,Silah_ve_Bicakli_Suclar,Tehdit
Istanbul ,2020,Erkek,1026,5055,820,811,520,6306,1954,2621,14,310,1655,916
Istanbul ,2020,Kadın,26,123,6,16,32,487,131,20,25,12,9,25
Tekirdag,2020,Erkek,71,453,76,60,46,509,63,125,0,16,65,97
Tekirdag,2020,Kadın,3,7,0,2,1,23,10,1,0,1,0,2
Edirne,2020,Erkek,39,260,39,28,28,226,58,70,0,44,32,49
Edirne,2020,Kadın,0,7,0,1,2,11,8,0,0,0,1,1
Kirklareli ,2020,Erkek,22,221,36,21,16,193,39,34,2,10,19,56
Kirklareli ,2020,Kadın,1,3,0,1,0,14,2,1,0,0,0,1
Balikesir                  ,2020,Erkek,101,939,110,95,85,649,119,95,2,33,137,213
Balikesir                  ,2020,Kadın,3,29,1,4,5,73,14,0,0,3,0,6
Canakkale,2020,Erkek,30,271,23,28,35,245,21,55,0,13,29,87
Canakkale,2020,Kadın,2,5,0,1,1,21,4,1,0,0,1,4
İzmir ,2020,Erkek,357,2422,352,221,353,2804,577,1650,5,257,468,586
İzmir ,2020,Kadın,14,71,2,2,21,185,48,15,3,9,5,15
Aydin,2020,Erkek,110,909,102,82,116,835,141,412,3,50,134,235
Aydin,2020,Kadın,3,26,0,3,5,60,9,26,1,0,2,10
Denizli ,2020,Erkek,80,724,67,85,99,667,133,201,1,38,126,215
Denizli ,2020,Kadın,3,22,0,2,5,54,15,16,0,1,0,7
Mugla,2020,Erkek,100,668,69,75,91,437,177,106,2,59,81,190
Mugla,2020,Kadın,3,29,1,2,2,38,1,3,1,2,1,6
Manisa,2020,Erkek,168,1044,121,124,118,795,171,184,0,73,118,286
Manisa,2020,Kadın,6,28,1,1,4,33,12,3,1,1,0,13
Afyonkarahisar  ,2020,Erkek,95,463,47,49,40,310,73,58,2,21,38,135
Afyonkarahisar  ,2020,Kadın,2,17,0,1,0,23,9,5,1,2,1,5
Kutahya ,2020,Erkek,37,325,38,27,28,199,31,17,0,16,31,66
Kutahya ,2020,Kadın,2,13,0,0,2,19,2,0,0,2,1,2
Usak,2020,Erkek,39,271,31,31,35,135,66,49,0,21,40,62
Usak,2020,Kadın,0,10,0,0,1,17,10,0,0,0,0,1
Bursa,2020,Erkek,126,1455,188,158,151,1498,271,546,2,35,377,261
Bursa,2020,Kadın,3,47,0,8,10,121,54,16,2,1,6,13
Eskisehir                 ,2020,Erkek,56,539,42,29,48,345,59,55,0,12,81,82
Eskisehir                 ,2020,Kadın,2,13,0,0,4,61,15,3,1,1,1,4
Bilecik,2020,Erkek,11,108,22,21,8,81,12,13,1,8,13,23
Bilecik,2020,Kadın,0,9,0,0,7,10,0,2,0,1,0,0
Kocaeli ,2020,Erkek,89,723,125,121,86,729,311,124,0,41,175,153
Kocaeli ,2020,Kadın,4,21,0,4,4,70,9,3,0,2,0,3
Sakarya,2020,Erkek,85,552,72,88,67,472,83,149,1,48,171,128
Sakarya,2020,Kadın,3,7,2,6,1,47,5,0,3,2,1,7
Duzce,2020,Erkek,33,231,54,38,32,201,68,55,2,17,58,48
Duzce,2020,Kadın,0,3,0,1,1,7,2,3,0,0,1,1
Bolu,2020,Erkek,19,178,30,19,11,89,21,17,0,14,22,48
Bolu,2020,Kadın,1,5,0,0,1,9,3,0,0,0,0,0
Yalova,2020,Erkek,15,134,13,8,15,124,36,31,0,1,26,31
Yalova,2020,Kadın,0,1,0,0,0,13,4,0,0,0,0,0
Ankara ,2020,Erkek,278,2129,257,184,260,2169,692,315,3,87,446,358
Ankara ,2020,Kadın,8,46,3,5,19,147,42,13,3,2,4,18
Konya,2020,Erkek,199,1282,155,164,118,1153,302,361,1,71,226,342
Konya,2020,Kadın,8,39,0,4,8,63,41,18,0,4,3,15
Karaman,2020,Erkek,24,225,26,35,27,123,35,20,0,23,32,61
Karaman,2020,Kadın,1,4,1,3,1,7,0,0,0,0,0,2
Antalya,2020,Erkek,258,1882,236,221,218,2127,509,563,4,120,225,515
Antalya,2020,Kadın,8,59,2,12,12,173,48,32,2,3,2,25
Isparta,2020,Erkek,35,381,37,19,38,261,69,103,1,20,34,94
Isparta,2020,Kadın,2,15,1,2,1,19,6,11,0,0,1,9
Burdur,2020,Erkek,31,199,23,12,19,130,16,25,0,23,12,48
Burdur,2020,Kadın,3,9,0,2,0,6,1,1,0,0,0,1
Adana,2020,Erkek,247,1149,109,109,96,1384,657,292,11,162,335,269
Adana,2020,Kadın,5,18,0,6,8,52,21,12,5,6,5,12
Mersin,2020,Erkek,199,902,120,99,102,992,632,152,2,96,184,200
Mersin,2020,Kadın,4,24,0,5,9,67,21,7,2,5,5,9
Hatay,2020,Erkek,97,577,64,60,54,597,224,101,3,112,155,132
Hatay,2020,Kadın,3,13,1,0,1,28,18,3,0,6,1,4
Kahramanmaras,2020,Erkek,70,490,53,39,44,358,143,74,1,24,57,121
Kahramanmaras,2020,Kadın,0,10,1,2,1,22,12,2,0,0,0,8
Osmaniye,2020,Erkek,26,263,25,26,38,231,83,85,0,48,44,72
Osmaniye,2020,Kadın,0,15,0,1,1,18,5,0,0,5,0,1
Kirikkale,2020,Erkek,25,145,13,22,14,98,28,37,0,9,37,26
Kirikkale,2020,Kadın,0,5,0,0,1,21,2,1,0,1,0,1
Aksaray,2020,Erkek,33,270,29,35,32,176,57,106,0,46,36,97
Aksaray,2020,Kadın,2,9,1,2,0,15,5,2,0,2,0,3
Nigde,2020,Erkek,33,271,31,29,22,126,49,38,0,5,44,55
Nigde,2020,Kadın,0,10,0,2,4,8,0,2,0,0,1,3
Nevsehir,2020,Erkek,24,245,32,21,17,103,51,26,2,10,32,63
Nevsehir,2020,Kadın,0,7,2,1,0,17,3,0,0,0,1,1
Kirsehir,2020,Erkek,13,145,14,18,10,63,33,19,0,6,21,29
Kirsehir,2020,Kadın,0,3,0,1,0,10,2,0,0,0,0,1
Kayseri,2020,Erkek,99,994,99,150,92,891,245,134,0,31,259,212
Kayseri,2020,Kadın,4,38,0,11,9,111,21,7,1,0,2,7
Sivas,2020,Erkek,26,427,54,39,45,246,56,69,0,33,103,94
Sivas,2020,Kadın,1,7,0,3,2,14,1,0,0,0,2,1
Yozgat,2020,Erkek,18,211,28,27,24,124,23,23,0,28,22,65
Yozgat,2020,Kadın,0,6,0,2,0,11,1,3,0,0,0,1
Zonguldak,2020,Erkek,28,340,69,35,46,202,39,26,0,15,52,88
Zonguldak,2020,Kadın,1,4,0,0,1,18,2,0,1,1,0,9
Karabuk,2020,Erkek,2,137,16,20,16,72,25,7,0,6,17,43
Karabuk,2020,Kadın,0,8,0,1,1,7,0,0,0,0,0,2
Bartin,2020,Erkek,16,112,25,9,20,73,9,6,0,4,12,34
Bartin,2020,Kadın,1,5,0,0,0,6,0,0,0,0,0,2
Kastamonu,2020,Erkek,38,199,23,23,25,82,20,12,1,6,51,61
Kastamonu,2020,Kadın,1,14,0,0,1,5,1,0,0,0,1,1
Cankiri,2020,Erkek,11,63,7,16,11,33,9,9,0,2,15,17
Cankiri,2020,Kadın,0,1,0,0,0,1,0,0,0,0,0,1
Sinop,2020,Erkek,23,152,24,8,19,43,12,8,0,7,32,43
Sinop,2020,Kadın,1,4,0,1,3,2,0,0,0,0,0,1
Samsun,2020,Erkek,111,995,95,92,100,411,162,320,2,30,263,174
Samsun,2020,Kadın,2,30,0,6,7,54,5,2,1,0,2,13
Tokat,2020,Erkek,57,364,39,22,32,122,36,15,0,23,43,75
Tokat,2020,Kadın,2,6,0,0,0,10,1,1,0,1,0,3
Corum,2020,Erkek,45,329,41,30,28,159,23,10,1,13,52,95
Corum,2020,Kadın,0,11,0,0,0,21,0,0,0,0,1,5
Amasya,2020,Erkek,27,247,32,14,24,89,20,28,0,16,31,61
Amasya,2020,Kadın,0,3,0,0,2,4,0,0,1,0,2,1
Trabzon,2020,Erkek,42,374,56,40,35,239,83,77,0,40,119,97
Trabzon,2020,Kadın,0,12,0,0,1,15,4,0,2,3,2,4
Ordu,2020,Erkek,48,485,54,56,31,158,40,50,0,22,58,98
Ordu,2020,Kadın,3,13,0,6,2,17,3,0,1,2,2,7
Giresun,2020,Erkek,23,274,38,31,31,104,18,29,0,11,53,76
Giresun,2020,Kadın,1,6,0,1,1,4,2,0,1,0,2,2
Rize,2020,Erkek,23,179,27,14,35,98,49,62,0,30,78,63
Rize,2020,Kadın,0,3,0,1,1,6,0,0,0,3,1,1
Artvin,2020,Erkek,10,65,9,11,12,61,25,9,0,40,17,16
Artvin,2020,Kadın,1,1,0,0,0,0,1,0,0,3,0,1
Gumushane,2020,Erkek,20,59,5,9,4,22,8,5,0,3,9,19
Gumushane,2020,Kadın,0,2,0,0,1,1,0,0,0,0,0,1
Erzurum,2020,Erkek,49,313,28,33,32,167,102,36,0,51,69,49
Erzurum,2020,Kadın,1,4,0,0,0,6,1,0,0,0,0,1
Erzincan,2020,Erkek,10,68,15,5,18,65,44,12,0,10,4,25
Erzincan,2020,Kadın,2,4,0,0,0,4,0,0,3,0,0,1
Bayburt ,2020,Erkek,3,25,6,1,2,18,7,1,0,0,10,3
Bayburt ,2020,Kadın,0,0,0,0,1,1,2,0,0,0,0,0
Ağri,2020,Erkek,67,166,18,23,11,127,99,13,1,57,31,43
Ağri,2020,Kadın,0,2,0,1,0,4,6,2,0,0,0,0
Kars,2020,Erkek,33,144,8,10,9,57,12,5,0,8,48,40
Kars,2020,Kadın,0,2,1,2,0,5,0,0,0,0,0,0
Igdir,2020,Erkek,19,140,8,28,14,66,26,6,0,14,20,27
Igdir,2020,Kadın,1,1,0,2,0,2,2,1,0,0,0,1
Ardahan,2020,Erkek,6,61,3,13,6,27,2,1,0,4,8,15
Ardahan,2020,Kadın,0,0,0,0,0,1,0,0,0,0,0,0
Malatya,2020,Erkek,51,340,25,58,24,233,107,75,1,24,125,57
Malatya,2020,Kadın,0,10,0,1,3,10,4,0,0,0,2,0
Elazig,2020,Erkek,42,305,25,20,19,263,100,157,0,15,73,74
Elazig,2020,Kadın,2,8,0,4,2,8,3,3,0,0,0,3
Bingol,2020,Erkek,7,93,16,29,6,60,61,25,3,13,11,15
Bingol,2020,Kadın,0,2,0,0,0,5,3,0,0,0,0,0
Tunceli,2020,Erkek,6,35,2,6,3,16,8,3,0,2,2,16
Tunceli,2020,Kadın,0,0,0,1,0,1,0,0,0,0,1,1
Van,2020,Erkek,61,245,39,32,16,386,264,57,0,147,91,57
Van,2020,Kadın,0,3,0,3,1,10,8,1,0,0,1,1
Mus,2020,Erkek,28,78,13,9,8,126,21,18,1,14,37,33
Mus,2020,Kadın,0,0,1,0,0,6,1,0,0,1,0,0
Bitlis,2020,Erkek,19,63,3,10,5,110,51,29,0,17,15,24
Bitlis,2020,Kadın,0,0,0,0,0,2,4,0,0,0,0,0
Hakkari,2020,Erkek,7,31,5,13,1,27,88,3,0,46,22,10
Hakkari,2020,Kadın,2,0,0,0,0,2,3,0,0,1,1,0
Gaziantep,2020,Erkek,152,921,53,89,47,1376,346,150,1,119,437,165
Gaziantep,2020,Kadın,7,14,0,2,1,47,9,3,0,0,4,1
Adiyaman,2020,Erkek,26,123,16,11,11,137,67,55,0,4,35,40
Adiyaman,2020,Kadın,0,0,0,1,0,12,2,0,0,0,0,0
Kilis,2020,Erkek,17,60,4,5,14,91,42,21,0,46,19,8
Kilis,2020,Kadın,0,0,0,1,0,5,0,0,0,0,0,0
Sanliurfa,2020,Erkek,109,531,28,72,32,745,437,227,1,93,183,99
Sanliurfa,2020,Kadın,2,9,0,3,2,32,7,3,0,1,2,1
Diyarbakır,2020,Erkek,147,611,49,64,33,674,502,205,0,75,181,93
Diyarbakır,2020,Kadın,1,9,2,4,2,19,16,0,0,2,2,1
Mardin,2020,Erkek,41,241,17,31,5,281,78,69,2,43,56,52
Mardin,2020,Kadın,2,3,0,1,1,12,0,1,0,1,0,1
Batman,2020,Erkek,24,157,18,30,17,245,71,26,0,25,84,39
Batman,2020,Kadın,0,2,0,3,0,29,1,0,0,0,2,0
Sirnak,2020,Erkek,11,59,7,19,5,98,16,33,0,120,25,18
Sirnak,2020,Kadın,0,1,0,0,1,3,0,0,0,0,0,1
Siirt,2020,Erkek,12,95,10,9,6,106,14,15,2,11,26,19
Siirt,2020,Kadın,1,2,0,5,1,3,0,0,0,0,0,0
Istanbul ,2019,Erkek,1605,4969,948,479,420,6952,3067,3185,13,782,1516,1429
Istanbul ,2019,Kadın,43,115,4,18,25,522,137,33,29,52,10,33
Tekirdag,2019,Erkek,78,412,79,40,48,550,142,193,2,41,70,160
Tekirdag,2019,Kadın,3,10,0,0,0,29,16,2,0,2,0,1
Edirne,2019,Erkek,54,205,36,23,30,248,86,109,0,74,34,95
Edirne,2019,Kadın,2,5,0,0,0,17,6,0,0,3,1,1
Kirklareli ,2019,Erkek,44,167,32,11,12,208,73,52,0,22,18,59
Kirklareli ,2019,Kadın,1,7,0,0,0,16,7,0,0,0,0,3
Balikesir                  ,2019,Erkek,217,764,118,83,78,703,231,89,2,44,156,343
Balikesir                  ,2019,Kadın,6,28,2,7,6,54,17,3,0,8,3,6
Canakkale,2019,Erkek,59,245,62,31,47,243,54,78,1,28,29,120
Canakkale,2019,Kadın,0,5,0,0,4,11,5,2,0,1,0,5
İzmir ,2019,Erkek,551,2322,328,149,342,2758,973,1639,8,433,407,1026
İzmir ,2019,Kadın,20,64,7,3,19,193,46,21,0,16,7,35
Aydin,2019,Erkek,186,745,115,70,100,845,282,335,1,77,113,384
Aydin,2019,Kadın,3,26,0,0,6,40,14,21,0,2,1,10
Denizli ,2019,Erkek,133,528,97,63,102,737,196,150,1,78,101,319
Denizli ,2019,Kadın,4,20,1,6,7,55,25,12,0,1,1,9
Mugla,2019,Erkek,182,624,99,46,98,476,242,68,0,64,59,281
Mugla,2019,Kadın,1,26,1,3,9,32,8,2,0,8,1,7
Manisa,2019,Erkek,243,858,146,59,113,799,309,166,1,89,99,419
Manisa,2019,Kadın,10,27,1,2,6,48,19,2,2,5,0,14
Afyonkarahisar  ,2019,Erkek,138,439,65,46,52,383,110,47,1,45,29,253
Afyonkarahisar  ,2019,Kadın,4,9,0,1,6,30,8,3,0,3,0,11
Kutahya ,2019,Erkek,62,265,50,20,33,199,55,19,0,31,15,120
Kutahya ,2019,Kadın,2,16,1,1,1,14,5,0,0,1,0,3
Usak,2019,Erkek,50,226,31,26,28,137,107,32,0,24,30,106
Usak,2019,Kadın,2,8,1,0,4,19,9,0,0,0,1,3
Bursa,2019,Erkek,251,1340,232,106,171,1463,552,453,3,121,358,480
Bursa,2019,Kadın,3,34,0,5,16,125,108,10,0,5,7,13
Eskisehir                 ,2019,Erkek,108,419,76,31,43,440,134,108,1,36,45,155
Eskisehir                 ,2019,Kadın,4,12,0,3,6,37,12,3,0,0,0,5
Bilecik,2019,Erkek,19,95,19,9,12,112,23,18,2,20,12,50
Bilecik,2019,Kadın,1,3,0,2,0,7,0,0,0,3,0,3
Kocaeli ,2019,Erkek,214,646,178,80,78,845,498,139,2,103,135,290
Kocaeli ,2019,Kadın,1,20,1,3,6,86,21,0,0,2,0,13
Sakarya,2019,Erkek,137,479,125,100,61,526,156,246,1,72,186,286
Sakarya,2019,Kadın,4,10,0,1,3,45,4,5,0,5,2,11
Duzce,2019,Erkek,55,176,36,35,25,224,102,59,0,43,24,107
Duzce,2019,Kadın,2,3,1,2,3,9,2,1,0,2,0,3
Bolu,2019,Erkek,19,169,31,16,32,107,35,22,0,37,21,64
Bolu,2019,Kadın,1,10,0,0,1,12,1,0,0,3,0,1
Yalova,2019,Erkek,31,90,18,6,9,126,70,33,0,3,24,51
Yalova,2019,Kadın,1,4,0,0,1,20,9,2,0,0,1,1
Ankara ,2019,Erkek,422,1553,276,130,167,2621,1060,404,3,236,230,643
Ankara ,2019,Kadın,9,53,3,5,14,155,67,14,2,2,1,18
Konya,2019,Erkek,244,1197,177,89,138,1322,541,405,5,163,162,520
Konya,2019,Kadın,6,27,0,2,11,57,49,25,0,5,2,15
Karaman,2019,Erkek,43,204,33,15,32,182,49,28,1,23,27,118
Karaman,2019,Kadın,0,2,0,0,1,5,3,0,0,0,0,3
Antalya,2019,Erkek,337,1546,226,150,205,2282,793,376,2,224,195,731
Antalya,2019,Kadın,10,59,2,8,18,132,71,19,2,9,3,21
Isparta,2019,Erkek,62,315,41,20,41,290,131,108,0,25,35,166
Isparta,2019,Kadın,2,14,1,1,8,22,19,22,0,1,1,4
Burdur,2019,Erkek,38,166,23,17,46,145,26,13,0,22,14,125
Burdur,2019,Kadın,2,14,0,1,3,14,1,1,0,0,1,5
Adana,2019,Erkek,412,1049,152,75,134,1550,1460,290,4,477,268,507
Adana,2019,Kadın,6,22,1,3,3,69,38,15,5,10,1,11
Mersin,2019,Erkek,243,774,154,64,116,1129,809,152,1,226,103,291
Mersin,2019,Kadın,6,16,0,2,8,99,38,13,1,8,2,12
Hatay,2019,Erkek,140,603,87,49,61,696,362,90,0,360,95,206
Hatay,2019,Kadın,1,10,1,2,1,39,15,3,0,4,0,2
Kahramanmaras,2019,Erkek,129,411,88,30,29,414,175,48,0,97,42,170
Kahramanmaras,2019,Kadın,0,8,0,0,1,23,4,1,0,1,0,5
Osmaniye,2019,Erkek,83,220,34,21,28,295,146,80,1,60,40,126
Osmaniye,2019,Kadın,1,10,0,0,0,23,8,3,0,0,0,2
Kirikkale,2019,Erkek,30,115,26,19,15,123,76,34,0,22,19,45
Kirikkale,2019,Kadın,2,1,0,4,2,14,3,1,0,1,1,1
Aksaray,2019,Erkek,43,220,21,25,36,198,90,89,0,60,28,118
Aksaray,2019,Kadın,1,9,0,1,1,17,1,2,0,1,0,4
Nigde,2019,Erkek,27,229,27,9,36,139,60,30,0,16,38,57
Nigde,2019,Kadın,1,9,0,0,2,8,8,3,0,4,0,1
Nevsehir,2019,Erkek,48,131,46,11,21,122,102,27,1,17,15,86
Nevsehir,2019,Kadın,1,7,1,0,1,13,1,0,0,0,1,2
Kirsehir,2019,Erkek,22,84,13,15,14,82,72,10,1,28,10,47
Kirsehir,2019,Kadın,1,5,0,0,0,4,1,0,0,0,0,3
Kayseri,2019,Erkek,167,696,155,71,80,761,410,133,3,92,107,273
Kayseri,2019,Kadın,1,28,0,3,9,112,29,6,2,1,5,8
Sivas,2019,Erkek,54,355,46,25,37,214,76,58,1,60,51,114
Sivas,2019,Kadın,0,9,0,0,4,17,5,2,0,2,1,5
Yozgat,2019,Erkek,37,117,32,16,13,102,47,18,0,22,14,77
Yozgat,2019,Kadın,1,4,0,0,0,8,0,1,0,0,0,1
Zonguldak,2019,Erkek,44,284,57,31,30,221,74,40,0,11,43,151
Zonguldak,2019,Kadın,3,16,1,0,3,23,1,0,1,0,1,12
Karabuk,2019,Erkek,30,112,28,13,28,91,25,7,0,11,12,59
Karabuk,2019,Kadın,0,8,0,0,2,4,1,0,0,0,0,6
Bartin,2019,Erkek,15,87,27,10,16,38,15,1,1,10,7,48
Bartin,2019,Kadın,1,4,0,0,1,5,0,0,0,0,0,2
Kastamonu,2019,Erkek,41,194,28,17,29,90,22,21,2,14,25,71
Kastamonu,2019,Kadın,2,6,0,0,2,9,0,0,0,0,0,6
Cankiri,2019,Erkek,15,59,9,14,9,57,13,5,0,6,3,19
Cankiri,2019,Kadın,0,2,0,0,0,2,0,0,1,0,0,2
Sinop,2019,Erkek,26,107,29,17,16,77,23,10,0,8,24,71
Sinop,2019,Kadın,2,1,0,1,1,3,0,0,0,0,0,2
Samsun,2019,Erkek,164,756,143,81,89,568,222,443,1,96,216,312
Samsun,2019,Kadın,4,22,0,3,2,67,7,7,1,2,4,10
Tokat,2019,Erkek,52,241,39,26,38,152,43,21,1,36,35,102
Tokat,2019,Kadın,2,6,0,1,0,7,0,0,0,2,1,2
Corum,2019,Erkek,98,244,47,19,18,170,52,18,0,31,36,155
Corum,2019,Kadın,1,9,2,1,1,30,2,0,0,0,0,3
Amasya,2019,Erkek,43,200,31,22,22,133,43,29,0,18,22,106
Amasya,2019,Kadın,3,5,0,1,0,7,2,0,0,0,1,2
Trabzon,2019,Erkek,63,303,51,20,30,238,76,89,1,69,85,97
Trabzon,2019,Kadın,1,4,0,2,2,10,3,1,0,6,1,2
Ordu,2019,Erkek,81,399,94,45,60,260,77,65,0,37,50,170
Ordu,2019,Kadın,2,16,1,2,2,15,2,2,0,1,0,5
Giresun,2019,Erkek,41,201,49,29,41,103,33,32,4,20,44,100
Giresun,2019,Kadın,4,8,0,1,0,11,1,0,2,0,1,1
Rize,2019,Erkek,44,137,30,7,25,100,56,59,0,73,65,78
Rize,2019,Kadın,0,6,0,2,0,8,1,1,0,3,2,2
Artvin,2019,Erkek,10,46,15,4,13,46,4,3,0,80,7,19
Artvin,2019,Kadın,0,2,0,1,0,2,0,0,0,2,0,1
Gumushane,2019,Erkek,8,35,9,6,4,31,19,0,0,9,1,19
Gumushane,2019,Kadın,0,0,0,0,0,2,0,0,0,0,0,1
Erzurum,2019,Erkek,89,260,37,21,29,274,122,34,1,107,64,97
Erzurum,2019,Kadın,0,4,1,0,0,6,3,0,1,0,0,2
Erzincan,2019,Erkek,17,88,12,6,11,114,55,8,1,38,4,32
Erzincan,2019,Kadın,1,1,0,0,1,10,6,0,0,3,0,0
Bayburt ,2019,Erkek,10,34,7,4,1,13,7,5,0,1,2,13
Bayburt ,2019,Kadın,0,0,0,0,0,1,0,0,0,0,0,0
Ağri,2019,Erkek,91,134,24,14,14,150,96,20,1,226,28,61
Ağri,2019,Kadın,1,3,0,1,1,7,7,0,0,3,1,2
Kars,2019,Erkek,54,161,15,13,15,77,38,15,1,20,33,51
Kars,2019,Kadın,2,6,4,3,3,9,3,0,0,1,1,0
Igdir,2019,Erkek,34,117,12,10,7,95,20,19,1,56,24,45
Igdir,2019,Kadın,1,2,0,0,0,7,0,0,0,0,0,0
Ardahan,2019,Erkek,13,58,7,10,6,36,5,2,0,12,8,17
Ardahan,2019,Kadın,0,1,0,0,0,1,1,0,0,0,0,0
Malatya,2019,Erkek,101,288,31,15,25,279,189,74,0,47,76,72
Malatya,2019,Kadın,0,3,0,0,0,15,4,0,0,0,1,4
Elazig,2019,Erkek,72,239,27,14,15,236,187,91,1,54,39,86
Elazig,2019,Kadın,2,6,0,0,0,17,3,1,2,0,1,6
Bingol,2019,Erkek,12,51,5,10,14,79,85,9,0,18,12,16
Bingol,2019,Kadın,1,1,0,0,0,2,5,0,0,1,0,0
Tunceli,2019,Erkek,11,46,2,6,2,15,10,8,1,3,5,6
Tunceli,2019,Kadın,1,0,0,0,0,1,0,0,0,1,0,2
Van,2019,Erkek,69,226,24,17,25,329,264,23,0,285,65,59
Van,2019,Kadın,0,4,0,0,0,9,7,0,0,1,0,0
Mus,2019,Erkek,43,55,13,3,7,105,73,19,0,34,26,32
Mus,2019,Kadın,3,1,0,0,1,3,1,0,0,0,1,0
Bitlis,2019,Erkek,32,116,10,4,4,126,76,44,0,72,17,31
Bitlis,2019,Kadın,0,2,0,0,0,3,5,0,0,1,1,1
Hakkari,2019,Erkek,21,22,4,1,2,28,73,8,0,62,11,2
Hakkari,2019,Kadın,1,0,0,0,0,1,3,0,0,0,0,0
Gaziantep,2019,Erkek,285,980,74,56,57,1506,614,160,0,402,416,254
Gaziantep,2019,Kadın,7,16,0,3,0,49,10,1,0,4,13,5
Adiyaman,2019,Erkek,50,136,30,3,15,176,130,65,0,27,35,52
Adiyaman,2019,Kadın,0,3,0,2,0,13,1,4,0,0,0,0
Kilis,2019,Erkek,35,67,9,3,8,98,76,26,2,102,18,16
Kilis,2019,Kadın,0,0,0,0,0,0,1,0,0,0,0,0
Sanliurfa,2019,Erkek,143,432,50,44,28,737,633,274,4,185,157,107
Sanliurfa,2019,Kadın,5,3,0,2,1,39,12,3,1,2,3,3
Diyarbakır,2019,Erkek,206,473,45,34,28,669,925,170,0,235,176,103
Diyarbakır,2019,Kadın,10,9,4,1,3,14,33,1,0,4,0,2
Mardin,2019,Erkek,43,137,27,5,10,254,133,54,0,157,55,34
Mardin,2019,Kadın,4,1,0,1,1,16,0,0,1,1,2,0
Batman,2019,Erkek,33,118,13,3,10,270,98,18,0,46,39,31
Batman,2019,Kadın,0,3,0,1,0,23,0,0,1,1,0,2
Sirnak,2019,Erkek,30,62,4,16,6,117,44,27,0,634,13,8
Sirnak,2019,Kadın,1,0,0,0,0,4,0,0,0,2,1,0
Siirt,2019,Erkek,49,67,12,2,4,128,46,17,2,47,16,14
Siirt,2019,Kadın,1,0,0,0,0,5,3,0,0,1,0,0
Istanbul ,2018,Erkek,1541,4739,890,560,448,7484,2959,2729,7,959,1396,1038
Istanbul ,2018,Kadın,27,73,6,15,27,574,128,32,13,44,11,15
Tekirdag,2018,Erkek,104,330,74,50,45,611,177,162,0,53,41,126
Tekirdag,2018,Kadın,1,8,1,2,4,52,12,1,0,4,0,0
Edirne,2018,Erkek,65,192,42,10,30,286,118,112,1,115,28,74
Edirne,2018,Kadın,1,8,1,0,2,16,8,0,0,2,1,3
Kirklareli ,2018,Erkek,38,169,38,9,22,237,79,39,0,38,16,51
Kirklareli ,2018,Kadın,1,4,0,0,3,7,11,0,0,3,0,2
Balikesir                  ,2018,Erkek,259,735,145,73,101,730,243,108,1,66,134,316
Balikesir                  ,2018,Kadın,2,13,2,7,8,64,11,3,1,3,5,4
Canakkale,2018,Erkek,62,244,47,29,34,304,33,86,0,39,29,105
Canakkale,2018,Kadın,3,6,2,1,6,15,1,1,0,3,1,6
İzmir ,2018,Erkek,600,2250,399,192,343,3229,1000,1413,7,481,342,840
İzmir ,2018,Kadın,14,45,3,10,23,157,40,6,1,11,1,19
Aydin,2018,Erkek,140,599,117,85,118,910,228,204,1,72,85,298
Aydin,2018,Kadın,4,29,2,4,8,48,7,6,1,1,0,15
Denizli ,2018,Erkek,141,519,126,99,89,694,139,82,1,88,64,221
Denizli ,2018,Kadın,5,14,1,3,8,46,12,6,1,3,1,6
Mugla,2018,Erkek,121,620,101,67,73,500,214,51,1,61,40,197
Mugla,2018,Kadın,7,10,0,2,5,33,7,4,0,3,0,5
Manisa,2018,Erkek,195,867,175,81,115,925,306,131,0,118,66,376
Manisa,2018,Kadın,6,32,3,4,11,51,15,1,0,5,0,6
Afyonkarahisar  ,2018,Erkek,108,405,70,60,53,348,92,29,1,75,45,185
Afyonkarahisar  ,2018,Kadın,7,18,0,1,2,27,9,1,1,4,0,4
Kutahya ,2018,Erkek,67,221,43,34,48,231,48,21,0,34,17,105
Kutahya ,2018,Kadın,0,8,1,1,4,16,3,0,0,4,0,3
Usak,2018,Erkek,61,187,31,17,28,144,106,28,0,25,14,69
Usak,2018,Kadın,4,7,1,1,1,20,8,0,0,2,1,2
Bursa,2018,Erkek,276,1235,197,129,178,1633,491,440,3,161,302,430
Bursa,2018,Kadın,9,36,1,2,8,120,68,8,1,3,2,17
Eskisehir                 ,2018,Erkek,98,501,80,41,62,444,92,97,2,37,41,102
Eskisehir                 ,2018,Kadın,3,18,0,2,6,45,17,2,1,2,1,6
Bilecik,2018,Erkek,25,115,17,3,21,120,8,22,1,14,17,40
Bilecik,2018,Kadın,0,2,0,0,1,4,0,0,0,1,0,5
Kocaeli ,2018,Erkek,190,710,157,88,73,823,470,147,0,101,112,191
Kocaeli ,2018,Kadın,2,15,0,4,2,87,16,4,0,4,0,8
Sakarya,2018,Erkek,115,433,72,89,60,487,140,169,0,84,116,176
Sakarya,2018,Kadın,1,9,0,6,0,50,1,5,0,1,0,5
Duzce,2018,Erkek,44,136,29,19,29,221,76,78,1,21,26,75
Duzce,2018,Kadın,2,3,0,1,1,10,2,1,0,1,1,3
Bolu,2018,Erkek,20,177,21,19,22,121,28,11,0,33,6,40
Bolu,2018,Kadın,2,2,0,1,1,7,2,0,0,2,0,2
Yalova,2018,Erkek,22,122,17,11,17,131,87,54,0,16,36,43
Yalova,2018,Kadın,1,1,0,0,3,14,8,1,0,2,0,5
Ankara ,2018,Erkek,421,1627,286,149,183,2987,840,351,2,354,214,518
Ankara ,2018,Kadın,10,36,3,8,10,186,40,11,1,7,4,19
Konya,2018,Erkek,194,886,133,89,124,1288,460,205,6,218,101,314
Konya,2018,Kadın,6,25,2,3,4,53,43,18,0,8,5,9
Karaman,2018,Erkek,69,168,47,18,27,142,36,10,0,10,25,65
Karaman,2018,Kadın,3,4,0,0,2,6,1,0,0,1,0,2
Antalya,2018,Erkek,308,1318,284,165,204,2364,618,320,1,284,177,536
Antalya,2018,Kadın,10,31,2,8,11,117,54,18,2,9,2,18
Isparta,2018,Erkek,51,255,54,28,41,273,100,79,0,30,22,94
Isparta,2018,Kadın,4,15,0,2,1,19,17,11,0,2,0,1
Burdur,2018,Erkek,37,191,26,28,25,154,10,6,0,17,24,70
Burdur,2018,Kadın,3,10,2,2,1,10,1,1,0,1,0,2
Adana,2018,Erkek,440,1009,176,108,148,1716,1325,478,7,559,273,386
Adana,2018,Kadın,11,23,0,4,7,77,43,13,3,9,5,7
Mersin,2018,Erkek,298,781,146,71,125,1395,801,167,1,367,97,319
Mersin,2018,Kadın,9,24,1,2,9,78,24,8,0,7,4,7
Hatay,2018,Erkek,148,515,87,51,60,726,396,126,2,336,87,134
Hatay,2018,Kadın,4,6,0,1,2,28,11,3,1,6,3,5
Kahramanmaras,2018,Erkek,121,360,83,34,36,368,147,49,1,100,54,113
Kahramanmaras,2018,Kadın,2,13,1,2,5,19,4,1,0,1,2,4
Osmaniye,2018,Erkek,67,207,29,22,25,327,135,116,1,56,36,96
Osmaniye,2018,Kadın,0,3,0,0,3,22,5,1,0,1,1,3
Kirikkale,2018,Erkek,31,129,22,9,16,118,44,29,0,41,14,40
Kirikkale,2018,Kadın,5,1,0,0,1,13,1,1,0,2,0,0
Aksaray,2018,Erkek,53,202,30,21,10,201,101,34,0,48,24,77
Aksaray,2018,Kadın,0,2,0,1,1,19,2,0,0,4,0,2
Nigde,2018,Erkek,38,195,24,23,29,149,62,35,1,61,24,64
Nigde,2018,Kadın,2,5,1,1,1,5,1,0,0,0,0,2
Nevsehir,2018,Erkek,36,181,43,28,28,140,50,24,0,20,12,81
Nevsehir,2018,Kadın,0,7,2,0,1,18,0,0,0,0,1,0
Kirsehir,2018,Erkek,19,105,14,16,19,94,36,17,0,25,5,37
Kirsehir,2018,Kadın,0,2,0,0,0,10,0,1,0,0,0,1
Kayseri,2018,Erkek,183,716,163,93,97,686,371,155,2,149,96,224
Kayseri,2018,Kadın,6,26,2,4,3,95,17,10,2,3,1,4
Sivas,2018,Erkek,66,287,36,20,39,156,95,32,0,82,65,117
Sivas,2018,Kadın,1,7,0,0,0,20,2,0,0,1,3,4
Yozgat,2018,Erkek,38,146,37,22,19,112,35,10,0,26,4,54
Yozgat,2018,Kadın,2,6,0,0,2,9,0,0,0,0,0,1
Zonguldak,2018,Erkek,52,296,61,34,35,214,56,23,1,12,34,121
Zonguldak,2018,Kadın,0,6,0,0,1,15,0,0,1,0,0,8
Karabuk,2018,Erkek,30,103,31,3,20,86,19,3,0,7,4,34
Karabuk,2018,Kadın,1,3,0,0,2,7,2,0,0,0,0,5
Bartin,2018,Erkek,25,92,28,9,14,44,15,4,0,3,4,29
Bartin,2018,Kadın,3,5,0,1,1,8,0,0,1,0,0,1
Kastamonu,2018,Erkek,41,167,17,22,31,95,18,8,0,11,14,64
Kastamonu,2018,Kadın,4,5,1,0,1,3,0,0,0,0,0,3
Cankiri,2018,Erkek,25,40,11,7,10,46,9,3,0,10,10,16
Cankiri,2018,Kadın,0,0,0,0,0,3,1,0,0,0,0,1
Sinop,2018,Erkek,20,103,30,14,20,66,19,6,0,7,17,71
Sinop,2018,Kadın,2,2,0,3,1,3,1,0,0,0,0,1
Samsun,2018,Erkek,179,755,111,83,70,583,156,312,0,77,181,302
Samsun,2018,Kadın,1,13,0,2,4,74,4,3,1,0,1,6
Tokat,2018,Erkek,58,153,47,34,37,144,39,17,1,36,42,66
Tokat,2018,Kadın,4,5,0,1,1,10,0,0,0,2,0,2
Corum,2018,Erkek,81,208,44,30,23,213,37,18,0,43,34,117
Corum,2018,Kadın,3,6,1,2,1,35,0,0,0,0,1,3
Amasya,2018,Erkek,37,175,30,25,23,120,22,20,0,23,24,69
Amasya,2018,Kadın,1,5,0,2,6,11,1,0,0,0,0,1
Trabzon,2018,Erkek,75,330,38,17,46,257,87,98,0,107,103,126
Trabzon,2018,Kadın,2,5,0,0,2,12,0,1,0,5,1,3
Ordu,2018,Erkek,79,352,87,43,34,268,47,75,0,52,50,132
Ordu,2018,Kadın,0,19,1,2,1,19,2,0,1,2,1,3
Giresun,2018,Erkek,36,198,29,30,34,108,16,12,0,20,45,75
Giresun,2018,Kadın,3,3,0,0,1,8,0,0,0,1,1,2
Rize,2018,Erkek,34,145,30,10,37,141,43,50,0,39,63,55
Rize,2018,Kadın,0,1,0,1,0,5,0,0,0,4,0,1
Artvin,2018,Erkek,18,56,13,6,5,46,12,2,0,85,9,9
Artvin,2018,Kadın,0,2,0,0,1,0,1,0,0,5,0,0
Gumushane,2018,Erkek,8,48,7,5,7,20,9,3,0,6,7,22
Gumushane,2018,Kadın,0,1,0,0,0,1,0,0,0,0,0,1
Erzurum,2018,Erkek,90,302,39,25,33,243,97,20,0,166,49,72
Erzurum,2018,Kadın,1,2,0,0,0,7,4,0,1,5,0,2
Erzincan,2018,Erkek,8,100,16,9,13,98,37,7,0,49,9,32
Erzincan,2018,Kadın,0,0,0,0,0,3,1,0,0,2,0,0
Bayburt ,2018,Erkek,4,20,5,4,4,12,11,3,0,4,1,6
Bayburt ,2018,Kadın,0,0,0,0,0,1,0,0,0,0,0,0
Ağri,2018,Erkek,71,155,23,10,18,140,105,27,0,200,27,42
Ağri,2018,Kadın,0,1,0,0,0,3,6,0,0,2,0,1
Kars,2018,Erkek,43,158,17,15,15,67,25,14,1,20,27,43
Kars,2018,Kadın,1,5,2,1,2,2,1,0,0,0,0,1
Igdir,2018,Erkek,39,96,12,13,6,75,14,12,0,53,17,25
Igdir,2018,Kadın,4,1,1,0,0,7,0,0,0,0,0,0
Ardahan,2018,Erkek,7,80,4,10,9,33,3,2,0,11,5,17
Ardahan,2018,Kadın,0,3,0,0,0,1,1,0,0,0,1,1
Malatya,2018,Erkek,80,283,35,33,22,315,179,65,4,118,66,56
Malatya,2018,Kadın,1,8,0,0,2,13,3,0,1,0,0,0
Elazig,2018,Erkek,77,222,27,12,23,329,216,70,1,80,32,62
Elazig,2018,Kadın,0,7,0,0,0,13,4,1,0,0,0,2
Bingol,2018,Erkek,13,56,13,7,8,69,61,14,0,17,13,16
Bingol,2018,Kadın,1,1,0,0,0,3,0,0,0,0,0,0
Tunceli,2018,Erkek,10,44,4,2,3,14,9,7,1,1,2,10
Tunceli,2018,Kadın,1,0,0,0,0,0,0,0,0,0,0,0
Van,2018,Erkek,70,277,35,19,20,358,239,26,1,404,57,55
Van,2018,Kadın,1,1,0,1,0,15,5,0,0,2,1,1
Mus,2018,Erkek,38,68,12,9,9,101,54,8,0,54,26,27
Mus,2018,Kadın,3,0,0,1,0,3,2,0,0,3,0,0
Bitlis,2018,Erkek,33,86,11,5,7,112,63,31,0,117,13,19
Bitlis,2018,Kadın,0,1,0,0,2,4,4,0,0,1,0,0
Hakkari,2018,Erkek,12,26,3,2,0,19,61,8,1,70,26,1
Hakkari,2018,Kadın,0,0,0,0,0,1,4,0,0,4,0,0
Gaziantep,2018,Erkek,289,944,69,55,66,1642,564,178,1,399,381,214
Gaziantep,2018,Kadın,6,21,1,3,0,48,12,4,0,2,2,4
Adiyaman,2018,Erkek,45,146,19,12,8,184,143,68,0,23,26,39
Adiyaman,2018,Kadın,0,3,0,0,0,9,4,4,0,0,0,1
Kilis,2018,Erkek,21,70,7,1,4,121,71,32,1,136,34,19
Kilis,2018,Kadın,1,0,0,0,0,6,0,0,0,0,0,0
Sanliurfa,2018,Erkek,115,327,43,51,30,846,595,252,4,192,117,101
Sanliurfa,2018,Kadın,3,5,0,0,3,36,7,2,0,4,0,0
Diyarbakır,2018,Erkek,179,399,53,40,27,717,905,108,1,291,175,85
Diyarbakır,2018,Kadın,3,6,1,4,2,13,24,0,0,3,2,0
Mardin,2018,Erkek,54,130,22,9,12,239,129,64,1,169,60,27
Mardin,2018,Kadın,2,0,0,0,1,6,0,2,0,3,2,0
Batman,2018,Erkek,30,119,14,8,4,289,111,12,0,60,42,25
Batman,2018,Kadın,2,0,0,1,0,27,2,0,0,0,1,0
Sirnak,2018,Erkek,24,65,3,6,4,84,18,20,0,716,17,6
Sirnak,2018,Kadın,1,0,0,0,0,6,0,0,0,2,0,0
Siirt,2018,Erkek,35,81,18,7,7,140,40,20,1,78,20,7
Siirt,2018,Kadın,0,1,0,0,1,2,0,0,0,0,0,1
Istanbul ,2017,Erkek,1212,3462,701,374,369,5832,2425,1707,5,582,962,637
Istanbul ,2017,Kadın,27,65,2,13,15,374,115,14,7,26,5,8
Tekirdag,2017,Erkek,86,371,78,36,48,590,137,87,1,32,56,109
Tekirdag,2017,Kadın,2,8,0,0,5,40,10,0,0,2,1,0
Edirne,2017,Erkek,57,189,72,15,21,252,93,74,1,43,21,58
Edirne,2017,Kadın,2,10,0,0,1,11,4,0,0,3,0,2
Kirklareli ,2017,Erkek,40,162,37,16,20,191,68,14,2,19,14,38
Kirklareli ,2017,Kadın,1,3,0,0,0,8,7,0,0,0,1,2
Balikesir                  ,2017,Erkek,221,523,108,55,86,601,176,52,1,38,110,239
Balikesir                  ,2017,Kadın,3,20,2,3,8,55,19,2,0,4,1,7
Canakkale,2017,Erkek,54,201,42,29,35,253,30,30,0,20,28,90
Canakkale,2017,Kadın,1,7,0,1,3,18,2,1,0,1,0,2
İzmir ,2017,Erkek,527,1838,341,150,322,2978,938,960,5,348,364,574
İzmir ,2017,Kadın,16,59,3,5,18,202,52,8,0,23,5,10
Aydin,2017,Erkek,132,564,114,53,95,791,210,114,2,61,86,215
Aydin,2017,Kadın,4,12,1,1,3,40,11,5,1,0,0,5
Denizli ,2017,Erkek,142,434,86,63,79,616,151,73,0,73,77,185
Denizli ,2017,Kadın,3,12,2,2,12,57,20,2,0,2,1,3
Mugla,2017,Erkek,96,447,87,54,73,412,177,43,0,38,40,166
Mugla,2017,Kadın,3,12,1,1,5,31,5,1,0,2,1,3
Manisa,2017,Erkek,165,607,138,77,92,791,280,86,2,90,64,230
Manisa,2017,Kadın,2,10,1,5,9,46,8,1,0,1,0,8
Afyonkarahisar  ,2017,Erkek,85,342,73,65,52,282,62,16,1,44,42,122
Afyonkarahisar  ,2017,Kadın,6,20,1,4,2,19,2,2,0,0,2,7
Kutahya ,2017,Erkek,53,175,24,26,19,214,42,13,0,17,19,74
Kutahya ,2017,Kadın,0,6,3,1,0,10,2,1,0,3,0,1
Usak,2017,Erkek,58,192,32,18,17,129,106,19,0,17,19,84
Usak,2017,Kadın,2,10,0,1,3,17,9,0,0,2,0,1
Bursa,2017,Erkek,272,1079,216,98,150,1405,427,277,2,101,233,323
Bursa,2017,Kadın,7,26,0,2,11,120,79,6,0,2,5,7
Eskisehir                 ,2017,Erkek,104,400,55,42,74,408,69,69,1,30,57,104
Eskisehir                 ,2017,Kadın,1,13,0,1,4,35,12,1,0,1,1,3
Bilecik,2017,Erkek,16,87,31,6,12,117,11,12,1,13,13,27
Bilecik,2017,Kadın,0,3,0,0,1,6,0,0,0,0,0,1
Kocaeli ,2017,Erkek,184,491,125,84,72,665,418,125,1,54,95,141
Kocaeli ,2017,Kadın,4,13,2,7,3,79,8,2,0,2,2,2
Sakarya,2017,Erkek,108,275,80,63,52,393,121,78,1,52,85,88
Sakarya,2017,Kadın,1,10,1,3,2,28,4,3,0,0,0,2
Duzce,2017,Erkek,53,194,40,20,29,180,81,65,0,19,27,67
Duzce,2017,Kadın,2,7,0,0,0,8,2,1,0,1,0,2
Bolu,2017,Erkek,26,155,21,12,28,109,36,12,1,9,7,26
Bolu,2017,Kadın,0,6,0,0,4,6,3,0,0,0,0,2
Yalova,2017,Erkek,16,96,27,3,19,117,57,26,0,12,17,31
Yalova,2017,Kadın,0,3,0,1,0,7,2,0,0,3,0,1
Ankara ,2017,Erkek,390,1444,245,132,191,2502,713,263,1,288,209,424
Ankara ,2017,Kadın,7,33,3,5,9,156,27,8,2,3,2,10
Konya,2017,Erkek,209,698,155,71,118,1097,415,98,4,163,123,248
Konya,2017,Kadın,3,22,1,4,5,43,38,5,2,2,4,4
Karaman,2017,Erkek,39,122,28,16,18,110,49,12,0,10,17,44
Karaman,2017,Kadın,0,3,0,0,0,5,2,0,0,0,0,1
Antalya,2017,Erkek,271,1223,236,136,183,1874,567,222,3,302,194,331
Antalya,2017,Kadın,7,39,2,12,17,118,50,8,3,8,3,12
Isparta,2017,Erkek,50,191,49,34,28,223,88,44,2,23,21,81
Isparta,2017,Kadın,0,4,0,1,2,9,19,14,0,0,0,1
Burdur,2017,Erkek,28,97,17,14,19,90,15,9,0,6,12,39
Burdur,2017,Kadın,3,6,0,1,0,5,0,2,0,0,0,0
Adana,2017,Erkek,366,838,181,79,110,1509,1224,438,5,332,249,280
Adana,2017,Kadın,5,11,2,4,5,59,37,15,5,10,1,6
Mersin,2017,Erkek,248,771,157,83,128,1318,627,137,1,382,177,270
Mersin,2017,Kadın,4,20,0,4,8,60,28,3,0,6,1,5
Hatay,2017,Erkek,132,397,74,30,57,602,299,98,0,217,58,102
Hatay,2017,Kadın,0,8,1,1,1,26,16,2,2,6,1,3
Kahramanmaras,2017,Erkek,110,295,77,36,31,334,128,49,1,62,61,112
Kahramanmaras,2017,Kadın,1,2,2,1,2,25,5,0,0,2,0,1
Osmaniye,2017,Erkek,66,153,34,21,26,225,147,86,0,46,34,71
Osmaniye,2017,Kadın,0,7,1,1,1,17,5,0,0,1,1,2
Kirikkale,2017,Erkek,25,134,23,16,16,125,55,19,0,11,14,25
Kirikkale,2017,Kadın,1,1,0,0,0,17,0,0,0,0,0,1
Aksaray,2017,Erkek,39,113,29,14,13,113,94,12,0,24,13,61
Aksaray,2017,Kadın,2,1,1,0,2,11,4,2,0,0,0,0
Nigde,2017,Erkek,32,175,30,20,20,120,75,23,1,25,21,60
Nigde,2017,Kadın,0,4,0,0,1,3,2,0,0,0,0,0
Nevsehir,2017,Erkek,38,136,45,30,16,107,36,29,0,18,17,53
Nevsehir,2017,Kadın,2,8,2,4,0,12,0,0,0,1,0,1
Kirsehir,2017,Erkek,23,70,13,16,16,45,23,10,0,29,9,27
Kirsehir,2017,Kadın,0,3,0,0,1,12,0,1,0,0,1,0
Kayseri,2017,Erkek,132,690,135,75,114,560,304,105,0,95,120,190
Kayseri,2017,Kadın,4,15,4,5,4,78,10,7,0,1,0,5
Sivas,2017,Erkek,51,198,37,27,25,114,46,28,0,43,52,84
Sivas,2017,Kadın,0,8,0,0,2,12,1,0,1,1,1,3
Yozgat,2017,Erkek,28,139,31,11,20,80,26,8,1,17,18,36
Yozgat,2017,Kadın,0,3,1,0,1,8,0,0,0,0,0,1
Zonguldak,2017,Erkek,52,263,66,23,29,161,59,16,0,7,36,105
Zonguldak,2017,Kadın,1,9,0,1,3,19,0,0,0,0,1,6
Karabuk,2017,Erkek,22,79,27,9,12,65,10,3,0,10,8,25
Karabuk,2017,Kadın,0,5,0,0,1,6,2,0,0,1,0,3
Bartin,2017,Erkek,16,64,22,5,17,44,7,7,0,6,10,30
Bartin,2017,Kadın,1,5,0,0,0,2,1,0,0,0,0,1
Kastamonu,2017,Erkek,39,145,37,15,22,81,24,6,0,8,26,48
Kastamonu,2017,Kadın,0,3,0,0,2,6,2,0,0,0,0,2
Cankiri,2017,Erkek,14,40,14,9,4,37,13,2,0,4,11,19
Cankiri,2017,Kadın,1,0,0,2,1,3,0,0,0,0,0,0
Sinop,2017,Erkek,23,96,29,7,15,53,13,7,0,8,17,32
Sinop,2017,Kadın,0,2,0,1,1,5,1,0,0,0,0,4
Samsun,2017,Erkek,151,517,97,54,74,364,196,196,2,49,187,237
Samsun,2017,Kadın,3,18,2,1,5,54,4,1,2,1,1,6
Tokat,2017,Erkek,56,125,42,31,30,126,41,7,0,20,37,57
Tokat,2017,Kadın,1,4,1,1,3,7,1,0,0,2,0,1
Corum,2017,Erkek,83,164,40,20,29,180,19,14,0,24,26,93
Corum,2017,Kadın,0,5,2,0,3,28,1,0,0,0,0,3
Amasya,2017,Erkek,23,135,17,14,16,86,16,11,0,16,21,43
Amasya,2017,Kadın,3,3,1,1,1,6,0,1,0,0,0,1
Trabzon,2017,Erkek,55,283,36,12,39,172,53,54,1,56,79,84
Trabzon,2017,Kadın,1,4,0,0,1,14,1,0,0,1,0,1
Ordu,2017,Erkek,59,313,71,66,41,209,42,30,0,40,45,116
Ordu,2017,Kadın,1,11,2,0,1,21,0,0,0,4,0,5
Giresun,2017,Erkek,31,183,40,28,32,86,22,2,0,16,24,56
Giresun,2017,Kadın,1,6,3,1,0,14,1,0,0,0,0,1
Rize,2017,Erkek,25,118,29,15,15,64,46,17,0,49,36,54
Rize,2017,Kadın,1,2,0,1,0,0,0,0,0,3,1,1
Artvin,2017,Erkek,15,31,16,4,6,32,7,3,0,50,12,11
Artvin,2017,Kadın,0,2,0,0,0,2,0,0,0,4,0,0
Gumushane,2017,Erkek,10,50,2,3,7,26,2,7,0,7,9,15
Gumushane,2017,Kadın,0,2,0,0,0,0,0,0,0,0,0,0
Erzurum,2017,Erkek,68,228,25,12,29,196,104,17,1,156,65,74
Erzurum,2017,Kadın,1,5,0,0,1,7,1,0,0,2,1,0
Erzincan,2017,Erkek,11,81,13,12,14,109,40,3,0,24,4,21
Erzincan,2017,Kadın,1,2,0,0,1,4,0,0,0,1,0,0
Bayburt ,2017,Erkek,3,10,5,1,4,10,16,1,0,4,3,1
Bayburt ,2017,Kadın,0,0,0,0,0,0,0,0,0,0,0,0
Ağri,2017,Erkek,45,126,12,10,17,123,54,23,1,122,28,33
Ağri,2017,Kadın,1,2,0,0,2,2,1,0,0,1,0,1
Kars,2017,Erkek,28,126,15,20,17,56,27,5,0,15,31,51
Kars,2017,Kadın,2,2,0,1,0,4,0,0,0,2,0,1
Igdir,2017,Erkek,14,91,12,16,5,51,21,6,0,50,15,18
Igdir,2017,Kadın,0,4,0,0,0,3,0,1,0,0,0,0
Ardahan,2017,Erkek,13,64,6,11,7,25,1,3,0,5,5,15
Ardahan,2017,Kadın,0,1,0,0,0,1,0,0,0,0,0,0
Malatya,2017,Erkek,66,205,28,26,33,253,183,43,0,129,66,82
Malatya,2017,Kadın,2,6,0,1,0,16,3,0,0,2,0,0
Elazig,2017,Erkek,67,186,27,21,18,247,219,52,0,63,32,53
Elazig,2017,Kadın,1,2,0,1,0,18,3,2,0,1,0,1
Bingol,2017,Erkek,14,32,9,9,4,38,62,13,0,11,3,11
Bingol,2017,Kadın,0,0,0,0,0,1,1,0,0,0,0,1
Tunceli,2017,Erkek,3,19,2,0,0,4,4,2,0,0,3,6
Tunceli,2017,Kadın,0,0,0,0,0,1,0,0,0,0,0,0
Van,2017,Erkek,71,219,14,12,15,259,245,42,2,288,40,42
Van,2017,Kadın,8,4,0,0,0,4,5,1,1,3,0,0
Mus,2017,Erkek,38,41,3,5,5,80,54,14,1,31,23,15
Mus,2017,Kadın,0,0,1,0,2,3,5,0,0,1,0,0
Bitlis,2017,Erkek,20,77,7,4,7,112,46,21,0,94,17,11
Bitlis,2017,Kadın,0,0,0,0,0,6,0,0,1,0,0,0
Hakkari,2017,Erkek,13,20,7,5,6,18,60,3,0,26,14,11
Hakkari,2017,Kadın,1,0,0,0,0,0,0,0,0,0,0,0
Gaziantep,2017,Erkek,223,591,89,43,46,1122,474,134,0,270,205,182
Gaziantep,2017,Kadın,1,12,0,2,4,35,6,4,0,6,2,2
Adiyaman,2017,Erkek,41,96,13,11,15,162,123,30,1,20,24,25
Adiyaman,2017,Kadın,0,2,0,0,0,12,0,2,0,0,0,0
Kilis,2017,Erkek,12,55,1,5,8,65,48,32,0,79,8,13
Kilis,2017,Kadın,0,0,0,0,0,0,0,0,1,1,0,1
Sanliurfa,2017,Erkek,141,276,34,23,26,565,489,169,0,99,98,55
Sanliurfa,2017,Kadın,0,4,1,0,0,23,4,1,0,1,3,0
Diyarbakır,2017,Erkek,209,293,47,38,11,598,791,64,0,147,163,64
Diyarbakır,2017,Kadın,3,6,0,1,1,13,13,1,0,0,0,0
Mardin,2017,Erkek,57,115,22,8,7,191,82,51,0,81,53,48
Mardin,2017,Kadın,0,1,0,0,1,8,0,1,0,0,0,0
Batman,2017,Erkek,20,77,6,4,6,223,87,22,0,20,22,22
Batman,2017,Kadın,0,0,0,0,1,23,3,0,0,0,1,0
Sirnak,2017,Erkek,33,34,8,2,1,53,17,3,0,201,24,6
Sirnak,2017,Kadın,0,0,0,0,0,6,0,0,0,1,0,0
Siirt,2017,Erkek,17,36,9,1,5,113,23,13,0,45,9,6
Siirt,2017,Kadın,0,0,1,1,0,4,0,0,0,1,1,0
Istanbul ,2016,Erkek,1021,2753,723,303,368,4647,2384,1219,7,296,658,754
Istanbul ,2016,Kadın,29,63,4,9,24,304,119,11,1,10,4,6
Tekirdag,2016,Erkek,86,332,95,27,67,438,139,45,3,43,27,146
Tekirdag,2016,Kadın,5,8,0,2,1,26,15,1,0,2,0,2
Edirne,2016,Erkek,40,207,40,11,35,205,106,23,0,39,23,83
Edirne,2016,Kadın,0,5,1,0,2,15,4,0,0,1,0,2
Kirklareli ,2016,Erkek,48,147,43,16,16,160,49,7,0,19,15,63
Kirklareli ,2016,Kadın,1,2,1,0,0,13,4,0,0,1,0,2
Balikesir                  ,2016,Erkek,162,526,143,91,101,560,186,38,1,44,78,295
Balikesir                  ,2016,Kadın,5,21,1,5,7,64,17,4,1,2,0,8
Canakkale,2016,Erkek,51,187,35,41,43,168,23,12,1,16,24,111
Canakkale,2016,Kadın,0,7,2,2,0,21,0,0,0,1,1,2
İzmir ,2016,Erkek,500,1835,426,188,403,2659,869,513,6,274,329,706
İzmir ,2016,Kadın,8,44,3,12,11,190,39,3,0,2,5,25
Aydin,2016,Erkek,131,529,111,49,99,654,171,54,0,53,65,218
Aydin,2016,Kadın,3,21,0,1,7,27,14,1,0,0,0,8
Denizli ,2016,Erkek,132,375,101,73,79,517,153,29,2,49,62,215
Denizli ,2016,Kadın,5,13,2,3,6,46,10,0,0,0,2,7
Mugla,2016,Erkek,101,408,117,39,77,399,178,25,0,28,37,203
Mugla,2016,Kadın,1,10,1,0,4,19,3,3,0,0,0,7
Manisa,2016,Erkek,197,594,152,110,83,727,244,56,1,81,50,241
Manisa,2016,Kadın,4,20,0,3,6,39,14,0,0,2,2,9
Afyonkarahisar  ,2016,Erkek,96,231,56,64,24,246,70,18,0,29,22,124
Afyonkarahisar  ,2016,Kadın,4,6,0,8,2,15,6,1,0,0,0,3
Kutahya ,2016,Erkek,39,171,39,19,27,177,53,6,0,14,9,75
Kutahya ,2016,Kadın,1,9,1,0,2,15,3,0,0,1,0,3
Usak,2016,Erkek,57,170,31,15,18,157,81,7,0,32,18,76
Usak,2016,Kadın,3,7,1,4,5,9,3,0,0,1,1,4
Bursa,2016,Erkek,255,1025,238,118,158,1267,380,100,1,84,180,386
Bursa,2016,Kadın,9,21,1,1,7,105,71,1,0,2,1,7
Eskisehir                 ,2016,Erkek,81,386,55,27,68,386,74,40,0,18,39,116
Eskisehir                 ,2016,Kadın,0,7,1,1,1,46,13,1,0,0,1,2
Bilecik,2016,Erkek,14,75,24,14,7,102,8,2,0,8,9,34
Bilecik,2016,Kadın,1,1,0,0,1,7,0,0,0,0,0,4
Kocaeli ,2016,Erkek,167,426,148,47,78,589,371,45,0,36,69,154
Kocaeli ,2016,Kadın,5,13,1,2,2,55,14,1,0,0,0,2
Sakarya,2016,Erkek,95,264,72,76,47,366,113,20,1,34,67,132
Sakarya,2016,Kadın,2,10,1,1,6,30,2,0,0,1,0,2
Duzce,2016,Erkek,43,150,38,24,24,146,70,18,0,15,29,59
Duzce,2016,Kadın,0,8,1,1,3,9,5,0,0,0,0,0
Bolu,2016,Erkek,26,118,40,11,20,92,37,4,0,5,13,33
Bolu,2016,Kadın,0,5,0,0,1,9,3,0,0,0,1,1
Yalova,2016,Erkek,19,66,27,8,13,88,39,10,0,5,17,23
Yalova,2016,Kadın,0,0,0,0,1,5,1,0,0,0,1,3
Ankara ,2016,Erkek,413,1137,265,103,180,1909,702,109,0,132,125,409
Ankara ,2016,Kadın,13,29,2,6,14,138,44,4,0,1,3,7
Konya,2016,Erkek,166,662,132,71,91,957,347,42,3,83,84,300
Konya,2016,Kadın,6,14,4,5,5,54,39,2,0,0,2,9
Karaman,2016,Erkek,32,118,22,16,18,97,28,8,0,15,21,56
Karaman,2016,Kadın,0,6,0,1,0,3,3,0,0,0,0,1
Antalya,2016,Erkek,253,999,226,129,177,1573,606,101,0,111,125,415
Antalya,2016,Kadın,7,23,2,9,16,102,50,8,1,3,2,13
Isparta,2016,Erkek,43,156,41,38,26,171,87,30,1,13,10,67
Isparta,2016,Kadın,0,2,0,2,2,13,23,4,0,0,0,4
Burdur,2016,Erkek,9,81,16,14,21,73,7,4,0,7,9,46
Burdur,2016,Kadın,0,1,0,0,2,9,0,0,0,0,0,2
Adana,2016,Erkek,293,699,148,94,104,1240,1025,246,3,253,188,344
Adana,2016,Kadın,3,9,1,3,4,50,34,5,0,2,1,10
Mersin,2016,Erkek,239,646,142,63,99,1036,520,90,0,97,121,307
Mersin,2016,Kadın,10,21,2,1,9,68,23,3,0,1,0,10
Hatay,2016,Erkek,118,407,86,59,52,543,326,78,0,228,50,108
Hatay,2016,Kadın,2,8,0,2,4,23,9,2,0,3,2,2
Kahramanmaras,2016,Erkek,103,274,88,57,41,310,133,23,0,49,42,149
Kahramanmaras,2016,Kadın,1,8,1,3,1,20,2,0,0,0,0,3
Osmaniye,2016,Erkek,43,171,22,21,25,208,109,44,2,30,21,91
Osmaniye,2016,Kadın,2,1,1,0,1,11,5,2,0,0,0,0
Kirikkale,2016,Erkek,31,84,29,13,13,94,62,11,0,11,10,24
Kirikkale,2016,Kadın,1,1,0,0,1,8,3,0,0,0,0,1
Aksaray,2016,Erkek,44,88,25,24,19,110,99,9,0,18,15,59
Aksaray,2016,Kadın,1,4,0,0,1,10,1,0,0,0,1,4
Nigde,2016,Erkek,33,170,40,25,8,119,35,7,0,13,14,81
Nigde,2016,Kadın,0,4,0,0,2,1,0,1,0,0,0,0
Nevsehir,2016,Erkek,34,109,35,45,20,99,31,12,1,31,12,70
Nevsehir,2016,Kadın,0,7,2,0,2,28,3,0,0,0,0,1
Kirsehir,2016,Erkek,17,65,7,2,19,56,26,9,0,23,7,29
Kirsehir,2016,Kadın,1,2,0,0,1,12,0,2,0,0,0,0
Kayseri,2016,Erkek,129,588,138,49,96,476,288,47,0,61,73,187
Kayseri,2016,Kadın,0,12,1,4,4,59,9,1,0,0,1,4
Sivas,2016,Erkek,51,188,51,13,33,121,87,5,0,38,39,81
Sivas,2016,Kadın,1,5,0,2,2,6,1,0,0,1,0,5
Yozgat,2016,Erkek,44,132,32,17,18,103,44,6,0,25,14,58
Yozgat,2016,Kadın,0,2,0,1,2,5,0,0,0,0,0,1
Zonguldak,2016,Erkek,50,235,66,25,38,153,48,5,0,9,16,122
Zonguldak,2016,Kadın,1,4,3,1,3,17,1,0,0,0,0,10
Karabuk,2016,Erkek,21,59,36,4,13,64,17,1,0,10,6,41
Karabuk,2016,Kadın,1,3,0,0,1,5,0,0,0,0,1,2
Bartin,2016,Erkek,22,51,19,17,12,48,9,4,0,5,4,25
Bartin,2016,Kadın,1,1,1,1,1,0,1,0,0,0,0,1
Kastamonu,2016,Erkek,33,108,43,11,15,82,26,3,0,12,13,62
Kastamonu,2016,Kadın,1,9,0,1,0,3,0,0,0,0,1,2
Cankiri,2016,Erkek,13,49,11,11,6,42,8,3,0,10,7,21
Cankiri,2016,Kadın,0,1,1,0,0,2,0,0,0,0,0,0
Sinop,2016,Erkek,18,74,34,18,18,49,21,1,1,10,6,41
Sinop,2016,Kadın,0,3,0,1,0,2,0,0,1,0,0,2
Samsun,2016,Erkek,153,425,110,73,59,405,178,79,0,42,102,241
Samsun,2016,Kadın,2,12,0,7,3,53,3,3,0,0,1,3
Tokat,2016,Erkek,52,152,51,26,23,129,46,3,1,25,36,110
Tokat,2016,Kadın,1,9,1,0,0,10,2,0,0,0,0,1
Corum,2016,Erkek,58,171,67,24,19,180,22,4,4,15,30,113
Corum,2016,Kadın,1,3,1,0,2,17,1,0,0,0,1,5
Amasya,2016,Erkek,33,130,17,14,12,99,17,3,0,12,14,60
Amasya,2016,Kadın,1,5,1,1,0,7,1,0,0,0,1,1
Trabzon,2016,Erkek,53,162,26,20,43,158,39,24,1,30,55,97
Trabzon,2016,Kadın,0,2,0,0,1,6,0,1,0,2,0,1
Ordu,2016,Erkek,61,294,68,56,41,197,44,26,0,15,44,141
Ordu,2016,Kadın,2,13,1,8,2,15,4,0,0,1,0,6
Giresun,2016,Erkek,38,158,24,26,21,80,20,6,0,8,28,113
Giresun,2016,Kadın,1,7,0,2,0,3,1,0,0,0,0,3
Rize,2016,Erkek,29,56,17,21,13,60,36,8,0,18,28,58
Rize,2016,Kadın,0,5,0,0,0,4,0,0,0,0,1,1
Artvin,2016,Erkek,6,38,13,7,7,43,13,2,0,20,6,14
Artvin,2016,Kadın,0,1,0,1,1,0,0,0,0,0,0,0
Gumushane,2016,Erkek,4,32,3,1,1,23,10,0,0,1,3,20
Gumushane,2016,Kadın,0,0,0,0,0,0,0,0,0,0,0,0
Erzurum,2016,Erkek,64,255,31,29,27,234,90,15,1,54,54,64
Erzurum,2016,Kadın,0,3,1,0,0,6,3,0,0,0,1,2
Erzincan,2016,Erkek,22,80,20,8,6,138,30,2,0,11,1,21
Erzincan,2016,Kadın,0,0,0,0,0,6,0,0,0,1,0,1
Bayburt ,2016,Erkek,4,14,8,2,2,9,7,0,0,4,1,9
Bayburt ,2016,Kadın,0,0,0,0,0,0,0,0,0,0,0,0
Ağri,2016,Erkek,49,110,22,6,13,79,61,1,1,62,31,37
Ağri,2016,Kadın,0,0,0,0,0,4,3,0,0,0,0,1
Kars,2016,Erkek,47,147,11,22,15,52,20,12,0,15,28,69
Kars,2016,Kadın,1,4,0,0,1,0,1,0,0,0,0,2
Igdir,2016,Erkek,24,120,22,12,9,68,25,5,0,32,12,31
Igdir,2016,Kadın,0,0,0,1,0,2,1,2,0,0,0,1
Ardahan,2016,Erkek,17,42,7,4,3,28,4,0,0,4,7,20
Ardahan,2016,Kadın,0,0,0,0,0,0,0,0,0,0,0,1
Malatya,2016,Erkek,64,162,37,12,27,239,165,25,0,41,46,75
Malatya,2016,Kadın,2,3,1,3,1,18,1,0,0,2,0,1
Elazig,2016,Erkek,72,191,41,24,19,190,200,19,0,45,21,66
Elazig,2016,Kadın,0,1,0,1,1,22,2,0,0,0,0,3
Bingol,2016,Erkek,12,35,12,19,5,52,65,9,2,9,7,11
Bingol,2016,Kadın,0,0,0,1,1,0,0,0,0,0,0,0
Tunceli,2016,Erkek,8,29,8,2,4,11,12,1,0,1,2,14
Tunceli,2016,Kadın,1,0,0,0,1,5,0,0,0,0,0,0
Van,2016,Erkek,60,169,24,17,12,213,282,25,0,205,68,64
Van,2016,Kadın,2,1,0,0,0,6,7,0,1,1,0,1
Mus,2016,Erkek,16,39,8,4,5,85,48,6,0,34,16,19
Mus,2016,Kadın,0,0,0,0,0,4,0,0,0,0,0,0
Bitlis,2016,Erkek,22,64,9,9,8,85,54,12,0,52,19,21
Bitlis,2016,Kadın,1,0,0,1,0,6,3,0,0,0,1,1
Hakkari,2016,Erkek,16,34,6,1,2,22,68,2,0,22,19,7
Hakkari,2016,Kadın,1,0,0,0,0,1,0,0,0,0,0,0
Gaziantep,2016,Erkek,253,627,82,61,46,759,381,67,0,158,186,191
Gaziantep,2016,Kadın,4,8,2,4,1,44,4,3,0,5,0,3
Adiyaman,2016,Erkek,34,77,24,6,10,132,85,16,3,15,22,41
Adiyaman,2016,Kadın,0,0,1,0,0,12,1,0,0,0,1,0
Kilis,2016,Erkek,19,30,6,2,6,53,50,16,0,24,7,8
Kilis,2016,Kadın,0,1,0,0,0,1,0,0,0,0,0,0
Sanliurfa,2016,Erkek,91,258,45,24,25,416,446,76,2,80,108,79
Sanliurfa,2016,Kadın,1,1,0,1,0,20,6,2,0,2,0,2
Diyarbakır,2016,Erkek,170,283,61,61,16,514,654,44,1,111,134,71
Diyarbakır,2016,Kadın,1,8,0,2,1,6,19,0,0,1,0,1
Mardin,2016,Erkek,62,112,29,20,8,126,77,13,0,39,39,30
Mardin,2016,Kadın,2,2,1,0,1,15,0,0,0,0,1,0
Batman,2016,Erkek,21,115,13,18,6,144,73,8,1,22,32,24
Batman,2016,Kadın,0,3,0,0,0,13,1,0,0,0,0,0
Sirnak,2016,Erkek,16,31,7,2,4,50,15,0,0,62,28,4
Sirnak,2016,Kadın,0,0,0,0,0,3,0,0,0,2,1,0
Siirt,2016,Erkek,19,45,19,1,2,71,14,6,0,20,15,7
Siirt,2016,Kadın,0,0,0,0,0,0,0,1,0,0,0,0
Istanbul ,2015,Erkek,1214,2587,624,239,286,4354,2239,1163,6,209,636,491
Istanbul ,2015,Kadın,36,39,3,6,14,277,120,9,0,3,7,3
Tekirdag,2015,Erkek,89,289,67,21,51,347,103,19,0,27,42,117
Tekirdag,2015,Kadın,3,5,0,0,2,26,10,0,0,0,0,2
Edirne,2015,Erkek,58,200,43,16,27,193,101,15,0,32,16,92
Edirne,2015,Kadın,1,8,0,0,2,8,6,0,0,0,0,0
Kirklareli ,2015,Erkek,46,161,43,18,26,175,72,7,0,24,16,59
Kirklareli ,2015,Kadın,0,1,2,0,1,16,4,0,0,0,0,1
Balikesir                  ,2015,Erkek,199,495,142,78,81,492,133,27,1,33,84,265
Balikesir                  ,2015,Kadın,3,10,2,5,9,49,13,1,0,1,0,13
Canakkale,2015,Erkek,58,200,37,28,28,210,18,11,0,17,13,102
Canakkale,2015,Kadın,2,5,1,2,4,21,1,0,0,2,0,2
İzmir ,2015,Erkek,527,1694,392,191,302,2762,871,481,6,236,301,576
İzmir ,2015,Kadın,7,41,4,2,13,186,39,4,0,5,5,13
Aydin,2015,Erkek,153,531,120,41,88,588,155,30,3,51,77,233
Aydin,2015,Kadın,2,11,0,1,2,38,14,1,1,0,0,5
Denizli ,2015,Erkek,158,430,132,59,65,477,108,21,0,39,55,196
Denizli ,2015,Kadın,2,13,5,0,5,45,9,2,0,0,1,3
Mugla,2015,Erkek,120,433,107,50,66,370,113,25,0,29,35,140
Mugla,2015,Kadın,3,6,2,0,2,24,3,0,0,1,1,5
Manisa,2015,Erkek,205,577,149,92,79,683,206,53,1,64,55,227
Manisa,2015,Kadın,5,25,1,3,2,40,9,3,0,2,2,6
Afyonkarahisar  ,2015,Erkek,108,231,70,38,23,218,54,14,0,27,23,92
Afyonkarahisar  ,2015,Kadın,5,9,2,3,0,22,9,1,0,0,0,4
Kutahya ,2015,Erkek,53,197,32,18,24,186,34,9,0,10,18,77
Kutahya ,2015,Kadın,0,5,1,1,2,14,3,0,1,0,0,4
Usak,2015,Erkek,58,142,39,19,11,131,86,8,0,11,13,69
Usak,2015,Kadın,2,4,0,1,4,7,4,1,0,0,1,2
Bursa,2015,Erkek,236,978,240,94,118,1175,271,88,0,58,188,256
Bursa,2015,Kadın,7,16,2,2,12,101,44,2,0,0,1,4
Eskisehir                 ,2015,Erkek,83,383,40,19,66,368,33,30,1,15,38,102
Eskisehir                 ,2015,Kadın,4,9,1,0,6,42,10,1,0,1,1,0
Bilecik,2015,Erkek,19,64,18,10,12,79,17,9,0,3,6,33
Bilecik,2015,Kadın,1,3,0,0,3,4,0,0,1,0,0,1
Kocaeli ,2015,Erkek,158,439,141,45,59,611,194,59,1,32,91,85
Kocaeli ,2015,Kadın,5,15,0,0,2,64,3,1,1,0,0,4
Sakarya,2015,Erkek,96,287,71,63,48,323,89,34,1,22,77,108
Sakarya,2015,Kadın,3,4,1,2,5,32,4,0,0,0,0,0
Duzce,2015,Erkek,57,180,44,39,14,154,68,7,0,8,30,54
Duzce,2015,Kadın,3,2,0,2,1,8,3,0,0,0,0,0
Bolu,2015,Erkek,24,143,22,8,16,95,38,3,0,6,4,30
Bolu,2015,Kadın,3,5,0,1,0,9,2,0,0,0,0,0
Yalova,2015,Erkek,15,66,23,5,18,108,41,9,0,3,21,18
Yalova,2015,Kadın,0,1,0,0,0,9,3,0,0,0,0,1
Ankara ,2015,Erkek,397,1273,248,98,138,1788,381,118,4,76,183,328
Ankara ,2015,Kadın,7,32,0,4,12,139,15,6,1,0,1,9
Konya,2015,Erkek,214,756,155,89,84,993,362,62,2,67,108,262
Konya,2015,Kadın,7,17,3,9,4,42,48,3,0,2,1,5
Karaman,2015,Erkek,47,131,24,15,19,95,43,5,0,11,12,53
Karaman,2015,Kadın,0,1,0,0,1,8,1,0,0,0,0,5
Antalya,2015,Erkek,310,969,234,130,145,1501,415,118,2,87,144,307
Antalya,2015,Kadın,11,29,1,6,12,84,32,2,0,1,0,7
Isparta,2015,Erkek,45,187,49,28,25,159,56,34,1,5,18,65
Isparta,2015,Kadın,0,3,1,1,1,16,6,5,0,0,0,6
Burdur,2015,Erkek,23,98,22,17,20,69,15,3,0,12,10,64
Burdur,2015,Kadın,3,2,0,0,1,4,0,1,0,0,0,1
Adana,2015,Erkek,288,839,139,97,94,1237,835,243,2,209,250,277
Adana,2015,Kadın,3,18,3,1,1,53,33,5,3,7,1,5
Mersin,2015,Erkek,270,643,130,67,79,896,422,109,1,99,101,219
Mersin,2015,Kadın,8,19,1,2,7,65,20,2,0,3,3,2
Hatay,2015,Erkek,131,378,86,51,45,466,262,60,1,251,83,120
Hatay,2015,Kadın,2,5,1,2,1,29,6,1,0,1,0,2
Kahramanmaras,2015,Erkek,107,252,90,56,27,322,114,28,0,65,33,112
Kahramanmaras,2015,Kadın,2,5,1,0,1,8,4,1,0,2,0,2
Osmaniye,2015,Erkek,70,183,37,17,18,219,147,23,1,24,31,87
Osmaniye,2015,Kadın,4,6,1,0,0,9,4,0,0,0,0,1
Kirikkale,2015,Erkek,30,72,18,9,5,94,37,2,0,8,12,29
Kirikkale,2015,Kadın,2,2,1,0,0,16,0,0,0,1,0,1
Aksaray,2015,Erkek,27,104,25,18,14,107,81,16,0,20,17,44
Aksaray,2015,Kadın,0,7,0,3,0,11,4,1,0,0,0,0
Nigde,2015,Erkek,39,160,35,35,18,91,21,17,0,14,12,55
Nigde,2015,Kadın,1,2,0,1,4,2,0,0,0,0,0,2
Nevsehir,2015,Erkek,65,151,35,14,17,88,19,6,0,9,9,56
Nevsehir,2015,Kadın,2,1,4,1,2,21,0,0,0,1,0,1
Kirsehir,2015,Erkek,26,83,14,6,10,71,14,4,0,20,5,33
Kirsehir,2015,Kadın,1,2,0,0,1,14,1,1,0,0,0,0
Kayseri,2015,Erkek,134,692,165,41,69,457,233,31,1,45,79,173
Kayseri,2015,Kadın,3,15,2,1,4,61,8,0,0,0,1,8
Sivas,2015,Erkek,68,191,52,20,29,148,67,5,1,41,28,72
Sivas,2015,Kadın,0,3,0,0,2,16,3,0,0,0,1,4
Yozgat,2015,Erkek,46,107,28,21,18,104,20,4,0,18,12,42
Yozgat,2015,Kadın,1,4,0,0,0,10,1,0,0,0,0,0
Zonguldak,2015,Erkek,62,244,76,37,23,159,29,17,0,9,26,109
Zonguldak,2015,Kadın,1,11,1,1,2,19,0,0,0,0,0,5
Karabuk,2015,Erkek,18,71,29,10,13,66,20,3,0,9,3,21
Karabuk,2015,Kadın,1,2,0,1,2,3,0,0,0,0,0,2
Bartin,2015,Erkek,15,57,12,11,4,35,7,1,0,4,4,30
Bartin,2015,Kadın,1,4,2,1,0,2,0,0,0,0,1,1
Kastamonu,2015,Erkek,53,133,31,15,22,72,15,8,0,12,14,49
Kastamonu,2015,Kadın,0,5,0,1,3,4,0,1,0,0,1,2
Cankiri,2015,Erkek,15,42,17,10,7,44,8,3,0,0,6,16
Cankiri,2015,Kadın,1,1,0,1,1,3,0,1,0,0,0,0
Sinop,2015,Erkek,18,68,31,14,11,50,13,2,1,5,12,40
Sinop,2015,Kadın,2,3,0,0,0,1,0,0,0,0,0,1
Samsun,2015,Erkek,182,516,134,62,76,373,139,56,0,31,124,201
Samsun,2015,Kadın,3,16,0,1,4,58,2,0,0,0,4,6
Tokat,2015,Erkek,63,177,53,19,24,133,37,3,0,15,22,82
Tokat,2015,Kadın,0,7,1,0,1,4,0,0,0,0,0,1
Corum,2015,Erkek,52,171,55,23,28,133,27,2,1,7,37,97
Corum,2015,Kadın,1,3,2,0,1,20,0,0,0,0,2,1
Amasya,2015,Erkek,36,121,21,17,22,95,9,1,0,7,20,73
Amasya,2015,Kadın,3,5,0,0,1,9,0,0,0,0,0,0
Trabzon,2015,Erkek,57,202,30,23,37,163,18,26,0,19,42,57
Trabzon,2015,Kadın,0,6,0,0,4,8,0,2,0,0,0,1
Ordu,2015,Erkek,53,300,71,50,34,156,37,14,2,14,47,103
Ordu,2015,Kadın,3,7,1,3,2,18,0,0,0,0,1,1
Giresun,2015,Erkek,42,137,37,16,27,91,21,4,2,4,35,63
Giresun,2015,Kadın,0,7,0,0,1,11,1,0,0,0,0,2
Rize,2015,Erkek,51,82,19,8,14,64,15,9,0,19,40,47
Rize,2015,Kadın,1,3,0,0,0,6,0,0,0,0,0,0
Artvin,2015,Erkek,14,40,12,6,7,39,11,1,0,11,6,10
Artvin,2015,Kadın,0,0,0,0,0,1,0,0,0,0,0,2
Gumushane,2015,Erkek,11,24,6,6,3,16,5,0,0,5,4,12
Gumushane,2015,Kadın,0,2,0,0,0,0,0,0,0,0,0,0
Erzurum,2015,Erkek,122,249,46,11,32,231,144,15,0,46,65,71
Erzurum,2015,Kadın,1,2,0,0,1,4,1,0,0,2,0,0
Erzincan,2015,Erkek,19,66,16,14,8,88,39,3,0,11,4,15
Erzincan,2015,Kadın,0,3,0,0,0,1,1,1,0,0,0,1
Bayburt ,2015,Erkek,1,15,3,3,2,10,3,3,0,6,4,5
Bayburt ,2015,Kadın,0,0,0,0,0,0,0,0,0,0,0,0
Ağri,2015,Erkek,44,111,13,13,7,86,55,3,1,53,20,34
Ağri,2015,Kadın,2,1,0,0,1,0,3,0,0,0,0,0
Kars,2015,Erkek,47,133,15,16,9,51,12,15,0,21,36,47
Kars,2015,Kadın,1,3,0,1,1,2,0,0,0,0,0,0
Igdir,2015,Erkek,21,90,13,16,4,32,14,6,0,16,16,22
Igdir,2015,Kadın,1,0,0,0,1,0,0,1,0,0,0,0
Ardahan,2015,Erkek,10,47,5,8,6,31,1,0,0,7,9,15
Ardahan,2015,Kadın,2,1,0,0,0,2,0,0,0,0,0,0
Malatya,2015,Erkek,85,185,32,17,17,246,132,16,0,23,65,77
Malatya,2015,Kadın,2,3,0,0,2,19,2,0,1,0,0,2
Elazig,2015,Erkek,75,218,24,11,11,178,192,13,0,45,31,43
Elazig,2015,Kadın,1,5,0,0,1,19,1,1,0,1,0,2
Bingol,2015,Erkek,15,42,5,23,2,60,76,3,0,7,6,17
Bingol,2015,Kadın,0,0,0,2,0,3,1,0,0,0,0,0
Tunceli,2015,Erkek,7,29,6,3,3,13,5,2,0,0,1,17
Tunceli,2015,Kadın,0,0,0,0,0,1,0,0,0,0,0,0
Van,2015,Erkek,77,136,24,5,13,203,189,16,0,172,41,54
Van,2015,Kadın,4,1,0,0,0,7,4,0,0,1,0,0
Mus,2015,Erkek,25,50,6,9,8,78,31,2,0,24,15,8
Mus,2015,Kadın,3,2,0,0,1,3,2,0,0,0,0,0
Bitlis,2015,Erkek,24,56,3,5,3,80,36,6,0,28,12,21
Bitlis,2015,Kadın,0,0,0,0,0,1,5,0,0,0,0,0
Hakkari,2015,Erkek,15,18,1,1,4,18,64,1,0,11,10,1
Hakkari,2015,Kadın,1,0,0,0,0,1,3,1,0,0,0,0
Gaziantep,2015,Erkek,292,641,91,52,38,736,353,73,0,182,156,175
Gaziantep,2015,Kadın,5,12,0,2,1,36,4,1,0,1,0,1
Adiyaman,2015,Erkek,22,67,11,7,7,91,45,15,0,21,16,22
Adiyaman,2015,Kadın,0,0,0,0,0,6,0,0,0,1,0,1
Kilis,2015,Erkek,19,26,17,1,3,45,39,14,0,35,9,7
Kilis,2015,Kadın,0,0,0,0,0,0,2,0,0,0,0,0
Sanliurfa,2015,Erkek,111,214,46,16,21,318,342,47,0,61,85,49
Sanliurfa,2015,Kadın,0,2,0,0,0,14,4,0,0,0,2,0
Diyarbakır,2015,Erkek,151,236,39,22,9,448,633,27,1,72,87,51
Diyarbakır,2015,Kadın,0,6,0,1,1,6,8,0,0,0,0,2
Mardin,2015,Erkek,51,83,25,18,9,124,92,14,0,28,24,20
Mardin,2015,Kadın,0,1,1,0,0,8,0,1,0,1,0,0
Batman,2015,Erkek,25,61,4,2,12,146,67,6,1,9,21,25
Batman,2015,Kadın,0,0,0,0,0,18,1,0,0,0,0,0
Sirnak,2015,Erkek,19,20,5,0,1,51,18,6,0,35,14,2
Sirnak,2015,Kadın,0,0,0,0,0,7,0,0,0,0,0,0
Siirt,2015,Erkek,17,41,20,4,2,59,18,2,0,7,13,12
Siirt,2015,Kadın,2,1,0,1,1,2,0,0,0,0,0,0
Istanbul ,2014,Erkek,1162,2234,530,266,233,4013,2315,796,6,137,771,382
Istanbul ,2014,Kadın,30,47,2,4,7,315,114,9,0,0,4,7
Tekirdag,2014,Erkek,89,265,80,48,41,341,81,20,1,16,34,88
Tekirdag,2014,Kadın,1,4,0,2,3,12,12,0,0,0,0,2
Edirne,2014,Erkek,62,202,55,24,29,226,94,3,0,26,17,74
Edirne,2014,Kadın,1,9,2,1,2,17,7,0,0,0,0,1
Kirklareli ,2014,Erkek,38,152,45,12,25,168,51,10,0,18,12,49
Kirklareli ,2014,Kadın,0,6,0,0,1,14,4,0,0,2,0,0
Balikesir                  ,2014,Erkek,219,569,130,104,76,534,114,10,1,21,132,219
Balikesir                  ,2014,Kadın,2,10,2,2,3,69,10,2,0,0,0,4
Canakkale,2014,Erkek,76,209,53,29,33,233,17,8,0,13,16,105
Canakkale,2014,Kadın,1,3,0,1,1,22,1,0,0,0,0,7
İzmir ,2014,Erkek,521,1680,374,237,248,2734,800,345,2,238,379,496
İzmir ,2014,Kadın,12,48,3,3,8,171,38,3,0,5,2,12
Aydin,2014,Erkek,173,695,119,53,119,620,104,24,2,31,73,216
Aydin,2014,Kadın,2,18,1,4,4,37,6,1,0,0,0,4
Denizli ,2014,Erkek,185,527,90,80,83,505,88,23,0,29,83,195
Denizli ,2014,Kadın,3,21,0,1,1,39,6,1,1,0,0,2
Mugla,2014,Erkek,112,454,117,40,70,367,111,15,2,26,54,124
Mugla,2014,Kadın,0,12,1,1,5,21,2,0,0,2,0,2
Manisa,2014,Erkek,171,676,193,109,87,695,257,34,3,48,63,216
Manisa,2014,Kadın,2,20,3,6,3,40,8,2,0,0,0,1
Afyonkarahisar  ,2014,Erkek,126,250,98,61,46,194,40,11,0,11,35,101
Afyonkarahisar  ,2014,Kadın,6,4,1,0,1,18,3,0,0,0,0,0
Kutahya ,2014,Erkek,47,192,46,24,25,198,23,3,1,10,13,83
Kutahya ,2014,Kadın,1,3,1,1,1,17,0,0,0,0,0,0
Usak,2014,Erkek,82,169,52,28,23,149,77,5,0,4,22,66
Usak,2014,Kadın,1,4,0,1,0,10,2,1,0,0,0,0
Bursa,2014,Erkek,256,913,244,119,122,1247,274,46,4,34,185,197
Bursa,2014,Kadın,7,11,1,2,3,108,47,1,0,1,2,4
Eskisehir                 ,2014,Erkek,88,386,64,31,57,384,36,16,3,14,41,90
Eskisehir                 ,2014,Kadın,2,11,1,2,3,45,3,0,0,0,0,1
Bilecik,2014,Erkek,24,88,24,15,11,91,14,5,0,10,14,15
Bilecik,2014,Kadın,0,3,0,0,0,5,0,0,0,0,0,3
Kocaeli ,2014,Erkek,198,466,129,62,58,654,152,31,2,29,123,88
Kocaeli ,2014,Kadın,1,8,1,1,4,73,3,1,0,0,1,1
Sakarya,2014,Erkek,107,325,88,33,45,321,94,24,2,19,103,86
Sakarya,2014,Kadın,3,10,0,1,1,23,3,0,0,0,0,0
Duzce,2014,Erkek,47,174,46,57,32,150,52,1,0,8,29,62
Duzce,2014,Kadın,0,7,0,0,0,11,0,0,0,0,0,2
Bolu,2014,Erkek,42,145,24,16,26,106,21,3,0,6,11,29
Bolu,2014,Kadın,0,2,0,1,0,9,1,0,0,0,0,0
Yalova,2014,Erkek,20,82,16,5,14,97,16,4,0,2,17,17
Yalova,2014,Kadın,1,2,0,0,2,10,0,0,0,0,0,1
Ankara ,2014,Erkek,476,1233,285,165,128,1678,349,85,3,66,217,260
Ankara ,2014,Kadın,12,19,1,1,6,133,11,7,0,2,4,1
Konya,2014,Erkek,203,720,147,114,106,829,221,52,5,68,103,254
Konya,2014,Kadın,8,15,3,8,3,36,21,0,0,2,2,4
Karaman,2014,Erkek,48,166,29,30,18,113,16,4,2,6,14,42
Karaman,2014,Kadın,1,2,0,0,0,6,2,0,0,0,0,0
Antalya,2014,Erkek,339,965,204,164,170,1475,346,63,3,73,148,257
Antalya,2014,Kadın,9,22,2,6,10,64,20,1,2,3,2,2
Isparta,2014,Erkek,62,184,35,31,31,137,45,17,1,7,14,49
Isparta,2014,Kadın,2,5,0,1,3,12,2,5,0,0,0,2
Burdur,2014,Erkek,22,103,9,12,25,76,10,2,0,16,14,44
Burdur,2014,Kadın,2,3,0,0,0,8,0,0,0,0,0,2
Adana,2014,Erkek,334,898,148,107,99,1219,938,236,2,180,220,226
Adana,2014,Kadın,5,25,3,1,6,46,27,10,1,6,0,3
Mersin,2014,Erkek,274,746,134,83,94,1001,406,117,1,120,113,216
Mersin,2014,Kadın,4,31,1,4,6,56,15,2,0,0,0,2
Hatay,2014,Erkek,139,374,88,67,34,524,269,58,0,284,68,99
Hatay,2014,Kadın,3,7,2,1,5,22,7,0,0,4,0,2
Kahramanmaras,2014,Erkek,120,337,98,50,32,305,94,36,2,80,45,96
Kahramanmaras,2014,Kadın,3,5,0,0,0,13,4,1,0,0,0,2
Osmaniye,2014,Erkek,70,198,47,26,26,218,140,14,0,36,23,62
Osmaniye,2014,Kadın,4,2,1,2,0,12,2,0,0,1,1,1
Kirikkale,2014,Erkek,36,105,17,20,10,88,26,0,0,9,19,17
Kirikkale,2014,Kadın,0,1,0,0,3,11,1,0,0,0,0,0
Aksaray,2014,Erkek,56,110,25,17,11,120,64,14,0,29,20,31
Aksaray,2014,Kadın,3,6,0,0,0,16,2,0,0,0,0,1
Nigde,2014,Erkek,61,183,30,34,25,100,25,10,0,16,17,42
Nigde,2014,Kadın,0,8,0,0,2,7,1,0,0,0,1,0
Nevsehir,2014,Erkek,43,131,39,10,27,54,14,2,0,9,10,59
Nevsehir,2014,Kadın,1,0,1,1,1,14,0,0,0,1,0,0
Kirsehir,2014,Erkek,25,81,19,8,8,67,17,4,0,10,14,21
Kirsehir,2014,Kadın,1,0,0,0,1,10,1,0,0,0,0,0
Kayseri,2014,Erkek,161,623,214,82,78,481,235,18,0,46,71,158
Kayseri,2014,Kadın,5,11,6,4,0,74,6,1,0,0,0,3
Sivas,2014,Erkek,86,259,71,18,33,156,68,6,1,9,33,58
Sivas,2014,Kadın,0,2,2,1,4,14,2,0,0,0,0,0
Yozgat,2014,Erkek,51,136,43,22,15,115,30,3,0,15,16,38
Yozgat,2014,Kadın,1,5,1,0,1,13,0,0,0,0,0,0
Zonguldak,2014,Erkek,65,300,65,45,56,172,24,7,1,10,47,89
Zonguldak,2014,Kadın,5,10,0,1,1,13,2,0,0,0,0,3
Karabuk,2014,Erkek,31,131,24,10,24,84,8,6,0,8,12,24
Karabuk,2014,Kadın,1,5,0,0,1,0,0,0,0,0,0,4
Bartin,2014,Erkek,18,76,25,20,9,36,6,0,0,4,4,27
Bartin,2014,Kadın,0,6,1,1,0,3,0,0,0,0,0,0
Kastamonu,2014,Erkek,66,124,43,18,28,52,26,5,0,6,27,45
Kastamonu,2014,Kadın,2,10,0,2,0,3,0,0,0,0,1,0
Cankiri,2014,Erkek,13,58,23,10,13,35,8,0,0,3,8,19
Cankiri,2014,Kadın,0,1,0,0,0,1,2,0,0,0,0,0
Sinop,2014,Erkek,29,78,20,21,18,54,14,2,0,0,26,37
Sinop,2014,Kadın,1,1,1,1,1,1,0,0,0,0,0,0
Samsun,2014,Erkek,217,525,115,91,81,382,119,38,3,38,154,164
Samsun,2014,Kadın,4,20,0,6,1,39,5,2,0,1,1,2
Tokat,2014,Erkek,54,199,48,28,28,147,16,9,0,10,37,58
Tokat,2014,Kadın,0,4,1,1,2,8,0,0,0,0,0,1
Corum,2014,Erkek,67,245,59,22,44,170,9,6,0,8,40,103
Corum,2014,Kadın,4,4,2,2,3,17,1,0,0,0,0,0
Amasya,2014,Erkek,45,101,31,22,25,100,5,0,0,8,16,51
Amasya,2014,Kadın,0,6,0,3,0,6,0,0,0,0,0,1
Trabzon,2014,Erkek,70,285,30,33,56,174,35,31,1,23,76,87
Trabzon,2014,Kadın,2,4,0,2,1,5,0,0,0,0,0,0
Ordu,2014,Erkek,86,322,76,62,51,149,37,9,2,7,62,99
Ordu,2014,Kadın,1,15,3,2,2,12,1,0,2,1,0,4
Giresun,2014,Erkek,54,243,53,30,48,90,15,3,0,5,50,74
Giresun,2014,Kadın,1,8,0,1,0,4,0,0,0,0,1,2
Rize,2014,Erkek,42,83,26,16,11,68,10,10,0,14,40,47
Rize,2014,Kadın,0,1,0,0,2,4,0,0,0,1,1,2
Artvin,2014,Erkek,8,37,4,7,8,30,6,1,0,10,5,8
Artvin,2014,Kadın,0,1,0,0,0,2,0,0,0,0,0,0
Gumushane,2014,Erkek,9,42,5,5,21,20,10,1,1,3,12,11
Gumushane,2014,Kadın,0,3,0,0,1,0,0,0,0,0,0,0
Erzurum,2014,Erkek,104,268,59,24,32,223,94,11,0,42,57,35
Erzurum,2014,Kadın,1,4,0,1,2,9,3,0,0,1,2,3
Erzincan,2014,Erkek,29,77,19,5,14,101,35,7,0,14,4,29
Erzincan,2014,Kadın,1,1,0,0,2,6,1,0,0,0,0,0
Bayburt ,2014,Erkek,7,11,3,2,2,21,5,2,0,2,4,4
Bayburt ,2014,Kadın,0,1,0,0,0,0,0,0,0,0,0,0
Ağri,2014,Erkek,62,99,13,10,6,78,60,5,0,63,23,38
Ağri,2014,Kadın,0,1,0,0,0,0,9,0,0,1,0,0
Kars,2014,Erkek,55,134,16,16,22,60,14,10,0,28,30,39
Kars,2014,Kadın,1,3,0,1,0,2,1,0,0,0,0,0
Igdir,2014,Erkek,20,107,18,17,5,45,17,17,0,17,12,22
Igdir,2014,Kadın,0,2,1,0,0,2,0,0,0,0,0,0
Ardahan,2014,Erkek,12,66,4,14,9,35,0,0,0,1,5,13
Ardahan,2014,Kadın,0,0,0,0,0,1,0,0,0,0,0,0
Malatya,2014,Erkek,91,174,51,11,34,251,136,20,0,33,62,39
Malatya,2014,Kadın,4,3,2,1,2,25,2,0,0,0,0,0
Elazig,2014,Erkek,82,241,27,15,16,211,228,15,0,85,48,48
Elazig,2014,Kadın,2,1,0,0,1,16,3,0,0,0,1,0
Bingol,2014,Erkek,16,65,8,13,8,52,50,8,0,9,13,20
Bingol,2014,Kadın,1,0,0,1,0,2,1,0,0,0,0,0
Tunceli,2014,Erkek,7,38,4,3,5,17,4,0,0,0,1,9
Tunceli,2014,Kadın,0,0,0,0,0,2,0,0,0,0,0,0
Van,2014,Erkek,62,105,23,10,12,135,205,11,0,159,33,24
Van,2014,Kadın,2,1,0,0,1,4,2,0,0,1,0,1
Mus,2014,Erkek,36,44,6,3,4,64,25,4,0,16,17,11
Mus,2014,Kadın,0,0,0,0,0,6,1,0,0,0,0,0
Bitlis,2014,Erkek,24,61,1,9,8,62,41,4,0,26,12,17
Bitlis,2014,Kadın,0,0,0,0,0,5,1,0,0,0,0,0
Hakkari,2014,Erkek,15,16,2,3,0,19,72,0,2,24,6,2
Hakkari,2014,Kadın,1,0,0,0,0,1,2,0,0,0,0,0
Gaziantep,2014,Erkek,269,679,92,60,61,799,354,81,1,160,201,132
Gaziantep,2014,Kadın,3,10,0,3,0,33,2,3,0,0,2,2
Adiyaman,2014,Erkek,38,67,10,7,10,107,48,11,0,26,23,21
Adiyaman,2014,Kadın,0,0,0,0,0,9,0,0,0,0,0,0
Kilis,2014,Erkek,14,41,13,2,3,44,50,7,0,48,8,5
Kilis,2014,Kadın,1,0,0,0,0,1,0,0,0,0,0,0
Sanliurfa,2014,Erkek,118,232,43,36,13,284,393,35,0,78,77,56
Sanliurfa,2014,Kadın,2,2,0,0,1,13,4,0,0,0,0,0
Diyarbakır,2014,Erkek,182,233,40,40,15,460,694,20,0,92,120,39
Diyarbakır,2014,Kadın,2,4,3,1,0,6,13,1,0,1,0,2
Mardin,2014,Erkek,56,84,47,20,13,123,103,29,1,36,64,26
Mardin,2014,Kadın,1,2,1,2,0,7,0,1,0,1,0,0
Batman,2014,Erkek,26,86,11,5,7,139,66,2,0,17,18,14
Batman,2014,Kadın,0,0,0,0,0,14,0,0,0,0,0,0
Sirnak,2014,Erkek,23,25,6,6,2,46,15,3,0,61,15,2
Sirnak,2014,Kadın,1,0,0,0,0,5,0,0,0,1,1,0
Siirt,2014,Erkek,28,32,15,6,5,43,21,6,0,8,6,7
Siirt,2014,Kadın,0,1,0,0,0,2,0,0,0,0,0,0
Istanbul ,2013,Erkek,818,2097,323,143,179,2977,2086,734,12,96,1271,218
Istanbul ,2013,Kadın,11,36,1,0,12,191,51,4,0,0,8,4
Tekirdag,2013,Erkek,99,316,52,31,35,262,48,10,0,12,69,60
Tekirdag,2013,Kadın,1,3,0,1,1,14,3,0,0,0,0,1
Edirne,2013,Erkek,49,202,35,13,33,147,78,6,0,22,28,57
Edirne,2013,Kadın,1,7,1,0,0,8,6,0,0,1,0,1
Kirklareli ,2013,Erkek,41,168,30,6,21,96,36,4,0,46,22,40
Kirklareli ,2013,Kadın,0,5,0,0,0,8,0,0,0,0,0,0
Balikesir                  ,2013,Erkek,163,775,125,63,112,460,64,22,2,29,222,194
Balikesir                  ,2013,Kadın,3,14,1,7,6,51,4,2,0,0,2,5
Canakkale,2013,Erkek,50,259,46,26,33,171,15,7,3,23,49,105
Canakkale,2013,Kadın,1,9,0,4,2,8,0,0,0,0,0,0
İzmir ,2013,Erkek,440,1872,292,160,258,2279,591,402,4,209,593,399
İzmir ,2013,Kadın,10,39,8,3,12,166,37,6,0,1,3,3
Aydin,2013,Erkek,130,796,102,52,128,445,79,26,1,47,144,174
Aydin,2013,Kadın,3,24,2,1,5,35,10,1,0,0,0,6
Denizli ,2013,Erkek,128,666,91,67,129,369,41,28,1,23,170,160
Denizli ,2013,Kadın,4,9,1,5,7,28,4,1,0,0,1,2
Mugla,2013,Erkek,110,638,95,38,75,304,51,17,3,31,83,99
Mugla,2013,Kadın,6,10,0,1,5,16,2,0,0,0,0,2
Manisa,2013,Erkek,155,1031,135,88,107,548,203,44,2,68,171,177
Manisa,2013,Kadın,1,24,3,6,10,37,6,1,0,0,1,2
Afyonkarahisar  ,2013,Erkek,100,323,67,46,40,152,23,4,0,22,72,70
Afyonkarahisar  ,2013,Kadın,5,12,2,2,3,8,1,0,0,0,2,0
Kutahya ,2013,Erkek,29,281,43,16,23,184,15,2,0,10,37,76
Kutahya ,2013,Kadın,3,5,2,0,3,16,1,0,0,0,1,1
Usak,2013,Erkek,50,241,34,16,35,141,30,10,0,18,53,61
Usak,2013,Kadın,4,2,0,1,0,9,1,0,0,0,0,0
Bursa,2013,Erkek,168,909,129,79,112,833,169,45,3,37,332,155
Bursa,2013,Kadın,3,14,1,2,5,76,31,1,1,0,1,2
Eskisehir                 ,2013,Erkek,45,526,20,17,64,250,27,14,5,10,69,68
Eskisehir                 ,2013,Kadın,2,22,0,0,7,16,4,0,0,0,1,0
Bilecik,2013,Erkek,12,105,20,14,17,72,5,6,0,8,16,21
Bilecik,2013,Kadın,0,1,0,0,0,0,0,0,0,0,0,0
Kocaeli ,2013,Erkek,146,517,109,41,83,481,106,45,2,31,197,66
Kocaeli ,2013,Kadın,4,18,1,1,1,39,4,0,0,1,1,1
Sakarya,2013,Erkek,76,406,58,29,78,228,61,26,3,33,150,89
Sakarya,2013,Kadın,2,10,0,0,2,23,2,0,0,0,0,3
Duzce,2013,Erkek,55,198,38,32,23,98,37,2,3,20,56,35
Duzce,2013,Kadın,2,4,0,0,1,6,1,0,0,0,0,2
Bolu,2013,Erkek,34,203,18,20,33,80,13,2,5,2,36,25
Bolu,2013,Kadın,0,11,0,4,1,11,1,0,0,0,0,0
Yalova,2013,Erkek,19,103,10,3,15,59,20,4,0,1,16,12
Yalova,2013,Kadın,2,2,0,0,2,3,1,0,0,0,0,0
Ankara ,2013,Erkek,282,1467,194,107,135,1239,213,98,0,55,358,251
Ankara ,2013,Kadın,8,24,0,1,5,108,13,3,0,0,2,4
Konya,2013,Erkek,140,1031,93,56,95,555,106,51,5,39,176,179
Konya,2013,Kadın,5,15,3,2,5,48,8,2,0,0,1,4
Karaman,2013,Erkek,26,197,21,13,21,72,21,1,1,9,20,35
Karaman,2013,Kadın,0,2,0,0,0,0,5,0,0,0,0,0
Antalya,2013,Erkek,221,1174,184,134,145,1044,370,74,2,61,247,221
Antalya,2013,Kadın,7,34,3,3,5,66,35,3,0,0,2,4
Isparta,2013,Erkek,41,226,25,19,24,118,29,5,0,3,32,61
Isparta,2013,Kadın,0,10,0,1,2,18,1,0,0,0,0,0
Burdur,2013,Erkek,26,192,20,15,28,55,7,0,0,26,20,37
Burdur,2013,Kadın,1,9,0,0,2,13,0,0,0,0,0,0
Adana,2013,Erkek,206,1014,108,74,116,838,650,311,12,161,461,150
Adana,2013,Kadın,7,32,4,4,7,45,26,6,6,0,0,1
Mersin,2013,Erkek,215,849,106,47,90,696,315,97,4,81,266,187
Mersin,2013,Kadın,4,12,1,3,5,37,7,5,0,1,3,3
Hatay,2013,Erkek,105,458,46,30,43,348,234,58,0,345,129,72
Hatay,2013,Kadın,1,8,1,1,3,11,3,0,0,10,0,1
Kahramanmaras,2013,Erkek,48,464,61,39,41,240,45,53,1,55,118,101
Kahramanmaras,2013,Kadın,1,5,2,1,4,14,1,0,0,1,0,0
Osmaniye,2013,Erkek,46,212,28,25,22,142,111,29,1,54,53,45
Osmaniye,2013,Kadın,2,5,3,1,0,6,3,2,0,0,0,2
Kirikkale,2013,Erkek,27,137,21,8,5,73,11,3,2,3,33,23
Kirikkale,2013,Kadın,2,0,0,0,0,7,0,0,0,2,1,0
Aksaray,2013,Erkek,34,111,22,17,11,71,50,9,0,5,27,33
Aksaray,2013,Kadın,0,10,0,0,1,5,1,0,0,0,2,0
Nigde,2013,Erkek,45,218,33,20,40,76,16,7,0,5,37,35
Nigde,2013,Kadın,0,6,0,0,2,5,1,0,0,0,0,0
Nevsehir,2013,Erkek,30,184,39,11,29,55,15,9,2,8,48,45
Nevsehir,2013,Kadın,2,3,0,0,1,9,1,0,0,0,0,1
Kirsehir,2013,Erkek,20,89,22,6,15,52,12,0,0,6,16,32
Kirsehir,2013,Kadın,0,3,0,1,0,1,0,0,0,0,0,0
Kayseri,2013,Erkek,115,894,88,42,83,391,121,21,0,15,219,102
Kayseri,2013,Kadın,4,18,3,1,1,67,5,2,0,0,2,5
Sivas,2013,Erkek,40,253,26,18,35,85,55,2,0,5,50,41
Sivas,2013,Kadın,0,10,0,0,0,6,1,0,0,0,0,3
Yozgat,2013,Erkek,42,164,26,10,17,80,21,5,1,8,20,45
Yozgat,2013,Kadın,2,3,0,0,0,14,0,0,0,0,0,3
Zonguldak,2013,Erkek,45,415,81,36,54,149,39,3,0,9,65,102
Zonguldak,2013,Kadın,2,18,3,3,2,12,0,0,0,0,1,2
Karabuk,2013,Erkek,18,127,21,5,32,39,10,3,0,5,9,26
Karabuk,2013,Kadın,0,2,0,1,2,2,1,0,0,0,0,3
Bartin,2013,Erkek,11,120,23,16,18,21,3,1,0,1,11,28
Bartin,2013,Kadın,1,3,1,0,3,3,1,0,0,0,0,0
Kastamonu,2013,Erkek,58,152,40,23,31,37,24,3,0,13,54,50
Kastamonu,2013,Kadın,1,8,0,0,0,7,1,0,0,0,0,1
Cankiri,2013,Erkek,9,83,8,9,12,32,2,1,0,1,9,17
Cankiri,2013,Kadın,1,2,0,0,0,4,0,0,0,0,0,0
Sinop,2013,Erkek,24,91,30,17,11,43,12,0,0,3,26,21
Sinop,2013,Kadın,1,6,0,0,3,2,0,0,0,0,0,1
Samsun,2013,Erkek,130,522,108,76,83,314,86,25,0,42,301,157
Samsun,2013,Kadın,4,7,4,0,5,35,1,0,0,2,1,2
Tokat,2013,Erkek,36,261,33,26,42,114,11,4,1,19,84,69
Tokat,2013,Kadın,0,4,3,2,2,8,0,0,0,0,0,0
Corum,2013,Erkek,58,247,75,27,39,151,9,4,0,12,58,74
Corum,2013,Kadın,2,5,3,0,1,10,0,1,0,0,0,0
Amasya,2013,Erkek,32,140,26,23,25,84,6,2,0,3,26,44
Amasya,2013,Kadın,1,2,2,0,0,0,0,0,0,0,3,1
Trabzon,2013,Erkek,59,369,29,27,61,115,26,12,0,32,152,81
Trabzon,2013,Kadın,0,7,1,0,0,7,0,0,0,0,0,3
Ordu,2013,Erkek,65,422,75,53,51,116,31,2,0,12,122,51
Ordu,2013,Kadın,1,10,0,4,1,13,1,0,0,0,4,4
Giresun,2013,Erkek,60,285,40,13,48,69,14,1,3,6,78,57
Giresun,2013,Kadın,2,13,0,0,6,4,0,0,0,0,1,2
Rize,2013,Erkek,26,91,19,11,21,68,9,3,0,13,52,27
Rize,2013,Kadın,0,8,0,0,2,2,0,0,0,0,0,0
Artvin,2013,Erkek,9,57,9,4,7,18,9,1,0,23,28,7
Artvin,2013,Kadın,0,1,0,0,0,3,0,0,0,1,0,0
Gumushane,2013,Erkek,7,65,8,4,13,15,3,2,0,1,24,16
Gumushane,2013,Kadın,3,4,0,2,0,1,0,0,0,0,0,0
Erzurum,2013,Erkek,74,336,39,21,24,137,57,6,1,11,64,42
Erzurum,2013,Kadın,2,3,0,0,0,2,1,0,0,1,0,0
Erzincan,2013,Erkek,14,76,16,7,14,68,10,8,1,8,13,40
Erzincan,2013,Kadın,0,1,0,0,0,5,0,0,0,0,0,0
Bayburt ,2013,Erkek,5,30,3,0,9,12,0,0,0,2,9,10
Ağri,2013,Erkek,69,129,16,15,13,74,84,3,0,66,26,23
Ağri,2013,Kadın,1,0,0,2,0,2,13,0,0,3,0,0
Kars,2013,Erkek,32,175,10,8,17,49,7,8,2,15,71,33
Kars,2013,Kadın,0,4,0,0,1,1,0,0,0,0,0,0
Igdir,2013,Erkek,15,126,9,8,15,20,9,11,0,14,22,11
Igdir,2013,Kadın,0,2,0,0,0,0,0,1,0,0,0,0
Ardahan,2013,Erkek,8,112,5,7,19,17,2,0,0,5,20,9
Ardahan,2013,Kadın,0,3,0,0,1,0,0,0,0,0,1,0
Malatya,2013,Erkek,72,304,41,6,23,202,137,6,0,31,88,33
Malatya,2013,Kadın,1,3,2,0,0,21,1,0,0,0,0,0
Elazig,2013,Erkek,78,295,33,18,31,131,203,17,0,45,83,19
Elazig,2013,Kadın,2,0,0,0,0,16,3,0,0,0,1,2
Bingol,2013,Erkek,14,129,2,10,10,42,58,9,0,20,20,11
Bingol,2013,Kadın,0,1,0,0,0,1,1,0,0,0,0,0
Tunceli,2013,Erkek,2,61,8,1,7,19,4,5,0,1,6,10
Tunceli,2013,Kadın,0,1,0,0,0,3,0,1,0,0,0,0
Van,2013,Erkek,42,111,20,9,15,79,183,10,0,314,62,23
Van,2013,Kadın,2,0,0,0,0,5,3,0,0,0,0,0
Mus,2013,Erkek,19,44,3,5,2,41,31,3,0,2,32,10
Mus,2013,Kadın,1,0,0,0,0,1,0,0,0,1,0,0
Bitlis,2013,Erkek,25,91,7,5,10,37,37,1,0,33,22,5
Bitlis,2013,Kadın,1,0,0,0,0,0,1,0,0,0,0,0
Hakkari,2013,Erkek,8,21,6,3,3,10,54,2,0,30,12,1
Hakkari,2013,Kadın,1,0,0,0,0,1,1,0,0,0,0,0
Gaziantep,2013,Erkek,212,645,54,45,42,696,283,74,0,104,362,86
Gaziantep,2013,Kadın,1,14,2,2,3,21,3,1,0,0,1,1
Adiyaman,2013,Erkek,25,151,6,4,8,82,32,2,0,16,47,21
Adiyaman,2013,Kadın,1,3,1,0,0,1,1,0,0,0,0,0
Kilis,2013,Erkek,11,62,6,2,8,32,27,10,1,55,16,6
Kilis,2013,Kadın,1,1,0,0,0,1,2,0,0,1,0,0
Sanliurfa,2013,Erkek,138,320,42,28,29,235,290,24,0,71,154,54
Sanliurfa,2013,Kadın,1,9,0,0,0,5,3,2,0,0,1,2
Diyarbakır,2013,Erkek,143,324,30,20,25,353,683,29,0,97,357,47
Diyarbakır,2013,Kadın,3,1,0,0,0,4,8,0,0,0,2,1
Mardin,2013,Erkek,51,83,31,10,6,95,68,26,0,50,52,11
Mardin,2013,Kadın,1,1,0,0,0,5,0,0,1,0,0,0
Batman,2013,Erkek,12,70,5,7,5,108,65,4,0,27,44,5
Batman,2013,Kadın,0,0,0,0,0,7,1,0,0,0,0,0
Sirnak,2013,Erkek,24,20,8,2,2,41,17,2,1,33,33,2
Sirnak,2013,Kadın,0,0,0,0,0,3,0,0,0,0,0,0
Siirt,2013,Erkek,16,52,18,8,2,45,14,9,0,14,13,8
Siirt,2013,Kadın,0,1,0,0,1,0,0,0,0,0,0,0
Istanbul ,2012,Erkek,1027,1306,256,66,82,1938,339,1879,573,5,6,373
Istanbul ,2012,Kadın,8,27,2,1,10,120,10,57,20,1,0,0
Tekirdag,2012,Erkek,68,237,30,12,20,144,12,26,23,3,0,143
Tekirdag,2012,Kadın,6,2,0,0,2,10,2,0,1,0,0,0
Edirne,2012,Erkek,34,126,26,5,17,87,10,60,16,0,1,81
Edirne,2012,Kadın,1,6,1,1,0,7,0,3,0,0,0,0
Kirklareli ,2012,Erkek,33,86,16,1,8,51,3,10,13,1,2,3
Kirklareli ,2012,Kadın,1,1,1,0,0,4,0,0,0,0,0,0
Balikesir                  ,2012,Erkek,133,435,68,34,64,232,30,50,54,0,12,5
Balikesir                  ,2012,Kadın,4,6,1,0,2,30,1,2,3,1,0,0
Canakkale,2012,Erkek,39,149,24,11,23,81,11,10,25,0,9,115
Canakkale,2012,Kadın,0,3,0,0,2,5,2,0,2,0,0,0
İzmir ,2012,Erkek,419,1082,142,62,145,947,181,418,291,4,12,277
İzmir ,2012,Kadın,12,15,1,0,4,48,10,13,12,1,0,0
Aydin,2012,Erkek,97,375,45,28,47,236,38,39,73,0,6,5
Aydin,2012,Kadın,4,16,1,1,3,9,2,2,1,0,0,0
Denizli ,2012,Erkek,121,283,46,27,49,165,54,23,82,3,2,0
Denizli ,2012,Kadın,6,2,2,2,1,10,2,2,0,0,0,0
Mugla,2012,Erkek,97,257,39,13,35,161,14,35,39,0,13,0
Mugla,2012,Kadın,3,4,0,1,4,10,1,0,0,0,1,0
Manisa,2012,Erkek,157,510,78,41,55,291,50,67,73,0,9,9
Manisa,2012,Kadın,2,3,2,1,2,9,3,0,3,1,0,0
Afyonkarahisar  ,2012,Erkek,112,206,51,25,18,75,20,11,38,0,2,3
Afyonkarahisar  ,2012,Kadın,6,4,0,1,1,5,2,0,3,0,0,0
Kutahya ,2012,Erkek,35,172,20,9,17,86,16,1,44,0,0,5
Kutahya ,2012,Kadın,1,2,0,0,0,3,0,0,2,0,0,0
Usak,2012,Erkek,67,117,23,7,16,40,14,9,23,0,2,1
Usak,2012,Kadın,1,4,0,0,0,1,0,0,0,0,0,0
Bursa,2012,Erkek,172,595,110,24,49,500,64,94,142,4,13,12
Bursa,2012,Kadın,4,9,0,0,3,29,6,11,6,0,0,0
Eskisehir                 ,2012,Erkek,55,255,21,3,54,169,31,32,74,0,3,82
Eskisehir                 ,2012,Kadın,2,9,0,0,4,10,1,0,8,0,0,0
Bilecik,2012,Erkek,25,60,13,8,8,34,5,3,11,0,6,1
Bilecik,2012,Kadın,1,2,0,0,2,0,1,0,0,0,0,0
Kocaeli ,2012,Erkek,146,351,45,14,33,202,34,52,73,0,5,142
Kocaeli ,2012,Kadın,3,4,1,0,0,18,2,1,4,0,0,1
Sakarya,2012,Erkek,99,155,32,13,28,113,17,19,36,0,68,4
Sakarya,2012,Kadın,6,3,0,0,0,18,1,0,1,0,0,0
Duzce,2012,Erkek,48,99,9,11,4,32,5,7,19,1,17,3
Duzce,2012,Kadın,1,0,0,0,0,3,0,0,0,0,0,0
Bolu,2012,Erkek,25,95,9,2,10,39,7,11,26,0,1,7
Bolu,2012,Kadın,1,3,0,1,0,5,2,0,2,0,0,0
Yalova,2012,Erkek,19,66,4,5,14,57,7,10,20,0,2,1
Yalova,2012,Kadın,0,3,1,0,0,6,0,1,1,0,0,0
Ankara ,2012,Erkek,279,788,87,39,54,640,170,230,293,3,0,406
Ankara ,2012,Kadın,9,16,0,1,4,53,11,4,10,0,0,0
Konya,2012,Erkek,109,433,58,14,47,283,45,44,108,0,6,19
Konya,2012,Kadın,6,11,2,0,2,13,4,1,4,0,0,0
Karaman,2012,Erkek,17,101,22,10,9,28,3,16,13,0,3,2
Karaman,2012,Kadın,1,0,0,0,1,1,0,0,0,0,0,0
Antalya,2012,Erkek,276,597,89,44,80,619,92,242,154,0,9,5
Antalya,2012,Kadın,6,13,1,1,3,27,3,17,3,0,0,0
Isparta,2012,Erkek,49,157,21,9,22,57,23,8,22,0,6,94
Isparta,2012,Kadın,1,2,0,0,1,4,2,1,0,0,0,0
Burdur,2012,Erkek,19,80,13,7,6,21,8,6,5,0,1,2
Burdur,2012,Kadın,1,0,0,0,0,2,1,0,0,0,0,0
Adana,2012,Erkek,231,547,57,26,53,435,75,466,173,3,3,158
Adana,2012,Kadın,5,13,1,0,2,12,6,26,5,0,0,0
Mersin,2012,Erkek,152,445,40,11,46,408,54,174,107,4,15,52
Mersin,2012,Kadın,9,6,1,0,3,21,3,3,6,0,0,0
Hatay,2012,Erkek,95,240,30,12,22,190,32,252,47,3,9,5
Hatay,2012,Kadın,0,9,0,1,0,5,1,1,3,0,0,0
Kahramanmaras,2012,Erkek,66,224,56,15,18,150,18,33,105,0,14,6
Kahramanmaras,2012,Kadın,0,2,2,0,0,4,1,0,2,0,0,0
Osmaniye,2012,Erkek,44,117,14,4,17,106,11,62,22,0,4,4
Osmaniye,2012,Kadın,0,3,1,0,0,1,0,4,2,0,0,0
Kirikkale,2012,Erkek,17,74,8,1,3,47,4,4,12,0,0,2
Kirikkale,2012,Kadın,0,2,0,0,0,2,0,0,0,0,0,0
Aksaray,2012,Erkek,30,56,8,8,5,49,6,11,25,0,0,0
Aksaray,2012,Kadın,2,1,1,0,0,4,0,1,0,0,0,0
Nigde,2012,Erkek,31,111,14,3,11,29,0,13,5,0,0,2
Nigde,2012,Kadın,3,2,1,0,0,1,0,0,0,0,0,0
Nevsehir,2012,Erkek,23,97,21,14,15,25,5,4,29,0,0,1
Nevsehir,2012,Kadın,1,0,1,0,1,7,2,0,3,0,0,0
Kirsehir,2012,Erkek,22,59,10,2,5,34,4,8,12,0,0,0
Kirsehir,2012,Kadın,1,0,1,0,1,2,0,0,1,0,0,0
Kayseri,2012,Erkek,76,332,61,21,36,240,22,91,84,0,0,10
Kayseri,2012,Kadın,2,7,3,2,1,35,2,3,4,0,0,0
Sivas,2012,Erkek,40,155,21,3,25,62,8,23,11,0,1,43
Sivas,2012,Kadın,1,2,0,0,1,4,0,0,0,0,0,0
Yozgat,2012,Erkek,31,83,16,9,8,43,7,11,23,0,5,3
Yozgat,2012,Kadın,1,0,0,0,0,0,0,0,0,0,0,0
Zonguldak,2012,Erkek,35,207,21,9,22,83,15,24,28,1,11,4
Zonguldak,2012,Kadın,2,3,0,0,0,4,0,0,2,0,1,0
Karabuk,2012,Erkek,17,53,5,4,8,33,9,4,7,0,0,0
Karabuk,2012,Kadın,1,2,0,0,0,4,0,0,0,0,0,0
Bartin,2012,Erkek,5,52,13,5,6,17,3,2,11,0,1,1
Bartin,2012,Kadın,0,1,0,1,1,0,1,0,0,0,0,0
Kastamonu,2012,Erkek,54,84,25,6,16,20,7,7,14,0,2,1
Kastamonu,2012,Kadın,4,2,0,0,2,0,0,0,1,0,0,0
Cankiri,2012,Erkek,19,35,6,4,3,15,1,0,7,1,1,2
Cankiri,2012,Kadın,1,1,0,0,1,0,0,0,1,0,0,0
Sinop,2012,Erkek,26,44,12,8,6,22,1,1,5,0,5,0
Samsun,2012,Erkek,145,229,62,31,29,150,23,48,55,0,21,6
Samsun,2012,Kadın,6,4,0,3,0,8,2,0,2,0,0,0
Tokat,2012,Erkek,37,125,28,5,20,60,11,11,24,1,28,0
Tokat,2012,Kadın,1,3,1,0,0,5,0,0,0,0,0,0
Corum,2012,Erkek,61,137,51,4,13,81,32,4,23,0,4,1
Corum,2012,Kadın,2,3,0,0,1,10,1,0,1,0,0,0
Amasya,2012,Erkek,44,83,12,7,14,26,4,3,11,0,0,4
Amasya,2012,Kadın,2,2,0,0,0,1,1,0,0,0,0,0
Trabzon,2012,Erkek,74,100,19,7,15,40,11,7,22,0,1,43
Trabzon,2012,Kadın,4,0,1,0,1,2,0,0,0,0,0,0
Ordu,2012,Erkek,43,186,30,13,28,56,7,9,24,0,7,1
Ordu,2012,Kadın,2,2,0,1,0,4,1,1,0,0,0,0
Giresun,2012,Erkek,44,105,23,8,13,28,12,3,12,0,4,2
Giresun,2012,Kadın,3,1,0,0,1,1,0,0,0,0,0,0
Rize,2012,Erkek,35,52,11,4,4,45,6,2,9,2,1,0
Rize,2012,Kadın,1,0,0,0,0,0,0,0,0,0,0,0
Artvin,2012,Erkek,11,20,2,1,2,9,0,2,3,0,5,1
Artvin,2012,Kadın,0,0,0,0,0,1,0,0,0,0,0,0
Gumushane,2012,Erkek,5,34,2,1,3,5,0,3,13,0,0,0
Gumushane,2012,Kadın,0,0,0,0,0,0,0,0,0,0,0,0
Erzurum,2012,Erkek,65,162,10,4,10,91,8,34,28,0,1,71
Erzurum,2012,Kadın,4,1,0,0,0,2,0,0,1,0,0,0
Erzincan,2012,Erkek,15,52,7,3,8,48,5,6,4,0,0,46
Erzincan,2012,Kadın,0,0,0,0,0,3,0,0,0,0,0,0
Bayburt ,2012,Erkek,2,17,2,3,4,6,1,0,2,0,0,0
Bayburt ,2012,Kadın,0,0,0,1,0,0,0,0,0,0,0,0
Ağri,2012,Erkek,46,60,13,0,6,29,4,37,9,0,0,110
Ağri,2012,Kadın,0,0,0,0,0,0,1,1,0,0,0,0
Kars,2012,Erkek,28,93,2,5,6,28,1,4,3,0,6,99
Kars,2012,Kadın,0,1,0,0,1,0,0,0,0,0,0,0
Igdir,2012,Erkek,18,31,3,2,2,8,0,8,5,0,0,3
Igdir,2012,Kadın,2,1,0,0,0,0,0,0,0,0,0,0
Ardahan,2012,Erkek,4,29,3,7,4,15,1,0,6,0,2,2
Malatya,2012,Erkek,57,142,11,1,7,104,13,88,19,0,3,33
Malatya,2012,Kadın,3,4,0,0,1,6,0,0,0,0,0,0
Elazig,2012,Erkek,55,131,5,9,14,53,10,110,20,1,1,103
Elazig,2012,Kadın,1,8,1,0,0,3,0,0,0,0,0,0
Bingol,2012,Erkek,12,33,3,10,3,38,0,27,9,1,2,4
Bingol,2012,Kadın,0,0,0,0,0,2,0,0,0,0,0,0
Tunceli,2012,Erkek,4,13,1,0,2,5,0,2,0,0,0,3
Tunceli,2012,Kadın,1,0,0,0,0,0,0,0,0,0,0,0
Van,2012,Erkek,60,35,3,3,3,41,2,131,17,4,0,112
Van,2012,Kadın,1,0,0,0,0,0,0,3,0,0,0,0
Mus,2012,Erkek,16,22,4,0,1,36,2,7,17,0,0,0
Mus,2012,Kadın,0,0,0,0,0,1,0,0,1,0,0,0
Bitlis,2012,Erkek,13,25,3,0,1,13,2,36,10,0,2,2
Bitlis,2012,Kadın,0,1,0,0,0,0,1,1,0,0,0,0
Hakkari,2012,Erkek,0,7,1,1,0,7,0,40,5,0,0,6
Hakkari,2012,Kadın,0,0,0,0,0,0,0,0,0,0,0,0
Gaziantep,2012,Erkek,199,340,31,16,14,383,35,125,79,0,5,116
Gaziantep,2012,Kadın,3,2,0,0,0,8,1,5,1,0,0,0
Adiyaman,2012,Erkek,19,61,8,2,3,54,10,42,25,0,3,4
Adiyaman,2012,Kadın,2,0,0,0,0,2,0,1,1,0,0,0
Kilis,2012,Erkek,18,49,5,0,5,24,0,17,11,1,1,2
Kilis,2012,Kadın,1,3,0,0,0,0,0,0,0,0,0,0
Sanliurfa,2012,Erkek,121,173,12,4,9,140,24,151,54,2,0,3
Sanliurfa,2012,Kadın,3,2,0,0,1,2,0,2,1,0,0,0
Diyarbakır,2012,Erkek,137,160,11,10,6,195,16,355,45,0,1,219
Diyarbakır,2012,Kadın,0,0,0,0,0,2,0,4,2,0,0,0
Mardin,2012,Erkek,44,49,9,5,1,52,5,39,23,3,1,6
Mardin,2012,Kadın,0,0,1,0,0,2,0,0,0,0,0,0
Batman,2012,Erkek,12,47,1,3,3,63,0,15,13,0,0,2
Batman,2012,Kadın,0,1,0,0,0,6,0,0,0,0,0,0
Sirnak,2012,Erkek,9,11,1,1,1,26,2,16,19,1,0,4
Sirnak,2012,Kadın,0,0,0,0,0,1,0,0,1,0,0,0
Siirt,2012,Erkek,18,37,1,0,4,25,1,7,18,0,0,0
Siirt,2012,Kadın,0,0,0,0,0,0,0,0,0,0,0,0
Istanbul ,2011,Erkek,551,867,105,100,64,1281,173,1040,445,2,6,279
Istanbul ,2011,Kadın,19,13,2,7,2,70,5,49,11,0,0,0
Tekirdag,2011,Erkek,34,115,17,8,22,83,9,12,24,1,3,166
Tekirdag,2011,Kadın,1,3,1,0,0,2,0,2,0,0,0,0
Edirne,2011,Erkek,33,76,10,7,9,39,9,23,19,0,1,112
Edirne,2011,Kadın,1,5,0,0,0,3,0,0,1,0,0,0
Kirklareli ,2011,Erkek,19,71,11,4,6,27,3,6,7,0,1,9
Kirklareli ,2011,Kadın,1,1,0,0,1,2,0,0,0,0,0,0
Balikesir                  ,2011,Erkek,83,194,35,25,28,102,15,10,28,0,1,13
Balikesir                  ,2011,Kadın,6,3,1,0,2,9,0,1,6,0,0,0
Canakkale,2011,Erkek,13,88,6,2,13,41,4,3,13,0,4,131
Canakkale,2011,Kadın,0,1,0,0,0,9,0,0,1,0,0,0
İzmir ,2011,Erkek,291,633,68,53,84,571,138,205,182,2,6,259
İzmir ,2011,Kadın,6,17,1,2,6,22,6,9,7,0,0,0
Aydin,2011,Erkek,68,189,18,17,38,125,22,27,35,0,4,1
Aydin,2011,Kadın,3,3,1,3,2,11,3,3,0,0,0,0
Denizli ,2011,Erkek,76,150,20,15,32,86,35,9,37,0,4,5
Denizli ,2011,Kadın,4,5,0,0,1,8,2,1,1,0,1,0
Mugla,2011,Erkek,58,172,20,12,27,104,12,15,35,0,12,1
Mugla,2011,Kadın,2,4,0,0,1,1,0,0,1,0,0,0
Manisa,2011,Erkek,61,250,31,36,25,122,36,25,25,0,6,11
Manisa,2011,Kadın,5,6,1,0,0,7,0,1,0,0,0,0
Afyonkarahisar  ,2011,Erkek,41,107,14,15,14,36,5,2,27,0,1,1
Afyonkarahisar  ,2011,Kadın,3,7,1,2,1,4,1,0,1,0,0,0
Kutahya ,2011,Erkek,13,57,10,2,14,29,4,2,8,0,1,1
Kutahya ,2011,Kadın,0,2,0,0,0,1,0,0,0,0,0,0
Usak,2011,Erkek,26,55,11,8,9,15,3,5,10,0,2,3
Usak,2011,Kadın,1,0,0,0,0,0,1,0,0,0,0,0
Bursa,2011,Erkek,76,257,39,19,24,244,40,26,67,1,15,9
Bursa,2011,Kadın,2,4,0,1,2,16,1,4,4,0,0,0
Eskisehir                 ,2011,Erkek,24,134,7,2,10,73,13,4,26,0,0,48
Eskisehir                 ,2011,Kadın,2,4,0,0,2,4,0,2,1,0,0,0
Bilecik,2011,Erkek,6,25,1,3,6,9,4,1,7,1,3,2
Bilecik,2011,Kadın,0,0,0,0,0,0,1,0,0,0,0,0
Kocaeli ,2011,Erkek,83,139,27,14,23,117,21,36,28,0,9,106
Kocaeli ,2011,Kadın,3,1,0,0,0,14,0,0,1,0,1,0
Sakarya,2011,Erkek,58,93,5,12,14,41,9,5,12,0,30,0
Sakarya,2011,Kadın,1,2,0,0,0,6,0,0,1,0,0,0
Duzce,2011,Erkek,33,52,4,2,9,32,7,3,13,0,3,0
Duzce,2011,Kadın,1,2,0,1,1,0,1,0,0,0,0,0
Bolu,2011,Erkek,15,42,4,1,12,10,11,4,7,0,4,3
Bolu,2011,Kadın,1,1,0,1,1,0,0,1,0,0,0,0
Yalova,2011,Erkek,7,29,1,3,4,14,7,7,17,0,1,1
Yalova,2011,Kadın,1,1,0,0,1,0,1,1,1,0,0,0
Ankara ,2011,Erkek,126,392,33,23,35,362,104,99,135,1,0,340
Ankara ,2011,Kadın,11,10,0,2,5,25,6,1,6,0,0,0
Konya,2011,Erkek,58,225,15,8,39,127,25,8,52,0,2,10
Konya,2011,Kadın,4,5,0,0,0,10,2,1,0,0,0,0
Karaman,2011,Erkek,13,43,6,1,3,12,0,0,7,0,1,0
Karaman,2011,Kadın,0,0,0,0,0,1,0,0,0,0,0,0
Antalya,2011,Erkek,125,372,37,57,44,398,52,61,99,0,3,4
Antalya,2011,Kadın,8,6,1,1,2,17,5,5,9,0,0,0
Isparta,2011,Erkek,22,53,8,3,9,27,10,6,9,0,0,80
Isparta,2011,Kadın,0,2,0,0,0,0,2,2,0,0,0,0
Burdur,2011,Erkek,22,26,3,4,4,12,3,5,3,0,0,0
Burdur,2011,Kadın,2,0,0,0,1,2,0,0,0,0,0,0
Adana,2011,Erkek,131,249,25,16,26,233,37,194,97,1,10,173
Adana,2011,Kadın,5,7,0,1,0,6,5,4,2,0,1,0
Mersin,2011,Erkek,102,215,14,12,27,236,23,57,57,0,10,56
Mersin,2011,Kadın,5,4,1,1,0,11,1,0,2,0,0,0
Hatay,2011,Erkek,44,118,17,11,12,75,12,104,18,0,15,11
Hatay,2011,Kadın,2,2,0,0,0,3,2,2,0,0,0,0
Kahramanmaras,2011,Erkek,23,98,7,8,13,64,8,8,29,0,10,5
Kahramanmaras,2011,Kadın,2,7,0,0,1,4,0,0,1,0,0,0
Osmaniye,2011,Erkek,28,59,6,4,4,42,4,14,19,0,11,3
Osmaniye,2011,Kadın,0,0,0,0,1,1,0,0,1,0,1,0
Kirikkale,2011,Erkek,16,34,2,1,5,28,5,3,7,0,0,1
Kirikkale,2011,Kadın,1,1,0,0,0,1,0,0,0,0,0,0
Aksaray,2011,Erkek,13,37,4,7,4,14,3,2,6,0,0,2
Aksaray,2011,Kadın,0,0,0,0,0,1,0,0,0,0,0,0
Nigde,2011,Erkek,20,67,10,7,7,13,3,3,8,0,2,1
Nigde,2011,Kadın,0,3,0,0,1,0,0,0,0,0,0,0
Nevsehir,2011,Erkek,3,38,3,2,7,10,3,1,11,0,0,0
Nevsehir,2011,Kadın,0,0,0,0,0,2,0,0,0,0,0,0
Kirsehir,2011,Erkek,9,14,7,6,9,11,2,5,6,0,1,2
Kirsehir,2011,Kadın,0,0,0,0,1,2,0,0,1,0,0,0
Kayseri,2011,Erkek,31,179,10,13,10,109,24,19,21,0,1,6
Kayseri,2011,Kadın,0,2,1,2,1,15,2,2,1,0,0,0
Sivas,2011,Erkek,22,64,6,1,5,20,2,1,4,0,3,56
Sivas,2011,Kadın,0,0,0,0,0,1,1,0,1,0,0,0
Yozgat,2011,Erkek,12,38,2,1,6,14,2,4,6,0,1,2
Yozgat,2011,Kadın,0,2,0,1,2,0,1,0,0,0,0,0
Zonguldak,2011,Erkek,14,74,10,7,21,35,5,5,6,0,9,2
Zonguldak,2011,Kadın,1,0,0,0,0,0,0,0,0,0,0,0
Karabuk,2011,Erkek,10,24,4,4,3,12,4,0,5,0,0,0
Karabuk,2011,Kadın,0,0,0,1,0,1,1,0,0,0,0,0
Bartin,2011,Erkek,6,25,1,4,0,8,3,0,4,0,0,3
Bartin,2011,Kadın,0,0,0,0,0,0,1,0,0,0,0,0
Kastamonu,2011,Erkek,37,41,4,2,21,15,4,10,7,0,5,1
Kastamonu,2011,Kadın,2,2,0,1,0,1,0,0,1,0,0,0
Cankiri,2011,Erkek,5,19,2,3,1,7,1,0,5,0,1,3
Cankiri,2011,Kadın,0,0,0,0,0,2,1,0,1,0,0,0
Sinop,2011,Erkek,7,11,3,3,2,7,0,0,6,0,1,3
Sinop,2011,Kadın,1,1,0,0,0,1,0,0,0,0,0,0
Samsun,2011,Erkek,74,105,16,19,21,74,11,18,39,0,19,2
Samsun,2011,Kadın,1,0,2,0,0,5,2,1,1,0,0,0
Tokat,2011,Erkek,20,59,5,12,7,30,4,0,13,0,24,3
Tokat,2011,Kadın,0,1,0,0,0,3,0,0,1,0,0,0
Corum,2011,Erkek,30,80,8,6,8,19,13,0,15,0,4,1
Corum,2011,Kadın,0,2,0,0,0,1,1,0,1,0,0,0
Amasya,2011,Erkek,12,42,3,5,16,14,2,1,5,0,3,1
Amasya,2011,Kadın,0,1,0,0,2,1,0,0,0,0,0,0
Trabzon,2011,Erkek,26,46,3,5,8,18,5,5,16,0,0,41
Trabzon,2011,Kadın,0,1,0,0,0,1,0,0,0,0,0,0
Ordu,2011,Erkek,25,90,14,6,18,26,3,5,11,0,13,3
Ordu,2011,Kadın,2,2,0,1,1,3,2,0,0,0,1,0
Giresun,2011,Erkek,26,75,6,1,4,19,4,2,4,0,4,2
Giresun,2011,Kadın,1,2,1,0,0,1,0,0,0,0,0,0
Rize,2011,Erkek,16,25,0,0,9,16,6,1,6,0,3,1
Rize,2011,Kadın,0,0,0,0,0,1,0,0,0,0,0,0
Artvin,2011,Erkek,7,18,2,0,3,5,3,3,7,0,4,0
Artvin,2011,Kadın,0,0,0,0,0,0,0,0,1,0,0,0
Gumushane,2011,Erkek,1,6,0,0,0,4,0,0,1,0,0,0
Gumushane,2011,Kadın,0,0,0,0,0,1,0,0,0,0,0,0
Erzurum,2011,Erkek,30,80,6,6,3,50,2,6,9,1,1,71
Erzurum,2011,Kadın,1,0,0,0,0,0,1,0,0,0,0,0
Erzincan,2011,Erkek,7,23,4,1,4,9,1,1,7,0,0,33
Erzincan,2011,Kadın,0,0,0,0,0,1,0,0,3,0,0,0
Bayburt ,2011,Erkek,0,3,0,0,0,1,0,0,0,0,0,0
Bayburt ,2011,0,0,0,0,0,0,0,0,0,0,0,0,0
Ağri,2011,Erkek,26,34,2,1,0,26,0,16,8,0,0,117
Ağri,2011,Kadın,0,0,0,0,0,0,0,0,0,0,0,0
Kars,2011,Erkek,12,52,0,1,1,7,0,0,0,0,3,110
Kars,2011,0,0,0,0,0,0,0,0,0,0,0,0,0
Igdir,2011,Erkek,4,10,4,0,0,8,0,3,5,0,0,5
Igdir,2011,Kadın,0,0,0,0,0,0,0,0,0,0,0,0
Ardahan,2011,Erkek,5,16,0,0,0,8,0,0,1,0,3,1
Ardahan,2011,0,0,0,0,0,0,0,0,0,0,0,0,0
Malatya,2011,Erkek,40,67,6,7,6,45,8,41,15,0,2,51
Malatya,2011,Kadın,0,0,0,1,0,3,0,0,0,0,0,0
Elazig,2011,Erkek,35,56,2,10,6,49,8,59,7,0,0,110
Elazig,2011,Kadın,1,0,0,0,0,3,0,1,1,0,0,0
Bingol,2011,Erkek,8,17,2,0,2,9,1,32,1,0,2,4
Bingol,2011,0,0,0,0,0,0,0,0,0,0,0,0,0
Tunceli,2011,Erkek,2,8,0,0,1,2,1,0,0,0,1,6
Tunceli,2011,Kadın,0,0,0,0,0,0,0,0,0,0,0,0
Van,2011,Erkek,43,34,2,4,1,14,0,98,7,0,0,161
Van,2011,Kadın,1,0,0,0,0,0,0,0,1,0,0,0
Mus,2011,Erkek,24,7,0,3,1,13,4,2,6,0,0,1
Mus,2011,Kadın,0,0,0,0,0,0,0,0,0,1,0,0
Bitlis,2011,Erkek,12,10,1,0,3,11,0,13,4,0,3,11
Bitlis,2011,Kadın,0,0,0,0,0,0,1,0,0,0,0,0
Hakkari,2011,Erkek,4,4,0,4,0,11,0,31,6,0,0,7
Hakkari,2011,0,0,0,0,0,0,0,0,0,0,0,0,0
Gaziantep,2011,Erkek,89,170,10,15,7,263,21,42,38,1,4,79
Gaziantep,2011,Kadın,4,4,1,1,0,4,0,0,1,0,0,0
Adiyaman,2011,Erkek,25,29,0,2,2,27,9,12,4,0,2,2
Adiyaman,2011,Kadın,1,0,0,0,0,3,0,0,0,0,0,0
Kilis,2011,Erkek,7,11,0,0,1,11,0,11,1,0,2,2
Kilis,2011,Kadın,1,0,0,0,0,0,0,0,0,0,0,0
Sanliurfa,2011,Erkek,48,88,3,6,4,74,9,42,23,1,0,10
Sanliurfa,2011,Kadın,2,2,0,0,0,1,0,2,0,0,0,0
Diyarbakır,2011,Erkek,77,87,4,5,4,94,4,164,22,0,1,201
Diyarbakır,2011,Kadın,1,0,0,0,0,1,0,2,0,0,0,0
Mardin,2011,Erkek,22,23,4,2,1,21,2,8,14,0,2,4
Mardin,2011,Kadın,0,0,0,0,0,0,0,0,0,0,0,0
Batman,2011,Erkek,9,17,0,0,0,18,2,11,2,0,1,8
Batman,2011,Kadın,2,1,0,0,0,4,0,0,0,0,0,0
Sirnak,2011,Erkek,10,9,0,1,2,10,2,2,4,0,0,3
Sirnak,2011,Kadın,1,0,0,0,0,0,0,0,0,0,0,0
Siirt,2011,Erkek,14,19,3,3,8,14,0,6,4,0,0,5
Siirt,2011,Kadın,0,0,0,0,0,0,0,0,0,0,0,0
